﻿<?xml version="1.0" encoding="utf-8" ?>
<c2eventsheet>
    <!--All the 'name' attributes are ignored by Construct 2 - they are there for readability only.-->
    <name>10</name>
    <events>
        <include>enemies</include>
        <include>player</include>
        <include>xdc_config</include>
        <event-block sid="2820197421239793">
            <conditions>
                <condition id="-2" name="On start of layout" sid="9311010738864478" type="System" />
            </conditions>
            <actions>
                <action id="-10" name="Set value" sid="9884048560279816" type="Player_base">
                    <param id="0" name="Instance variable">skills</param>
                    <param id="1" name="Value">1</param>
                </action>
            </actions>
        </event-block>
        <event-block sid="696559996001212">
            <conditions>
                <condition id="0" name="On collision with another object" sid="6261417270669248" type="Player_base">
                    <param id="0" name="Object">finish</param>
                </condition>
            </conditions>
            <actions />
            <sub-events>
                <event-block sid="3572112779046911">
                    <conditions>
                        <condition id="-14" name="Compare variable" sid="7913369174764593" type="System">
                            <param id="0" name="Variable">levels</param>
                            <param id="1" name="Comparison">0</param>
                            <param id="2" name="Value">10</param>
                        </condition>
                    </conditions>
                    <actions>
                        <action id="-9" name="Set value" sid="969191418830166" type="System">
                            <param id="0" name="Variable">levels</param>
                            <param id="1" name="Value">11</param>
                        </action>
                        <action id="0" name="Set item" sid="1595398283983432" type="LocalStorage">
                            <param id="0" name="Key">&quot;level&quot;</param>
                            <param id="1" name="Value">levels</param>
                        </action>
                        <action id="-2" name="Go to layout" sid="7760258098487604" type="System">
                            <param id="0" name="Layout">menu</param>
                        </action>
                    </actions>
                </event-block>
                <event-block sid="7811940390688583">
                    <conditions>
                        <condition id="-22" name="Else" sid="2318416815211093" type="System" />
                    </conditions>
                    <actions>
                        <action id="-2" name="Go to layout" sid="5668348175661463" type="System">
                            <param id="0" name="Layout">menu</param>
                        </action>
                    </actions>
                </event-block>
            </sub-events>
        </event-block>
    </events>
</c2eventsheet>
