﻿<?xml version="1.0" encoding="utf-8" ?>
<c2eventsheet>
    <!--All the 'name' attributes are ignored by Construct 2 - they are there for readability only.-->
    <name>11</name>
    <events>
        <include>enemies</include>
        <include>player</include>
        <include>xdc_config</include>
        <event-block sid="4067895739230432">
            <conditions>
                <condition id="-2" name="On start of layout" sid="580132540598084" type="System" />
            </conditions>
            <actions>
                <action id="-10" name="Set value" sid="4524381073429129" type="Player_base">
                    <param id="0" name="Instance variable">skills</param>
                    <param id="1" name="Value">1</param>
                </action>
            </actions>
        </event-block>
        <event-block sid="5889001772710612">
            <conditions>
                <condition id="0" name="On collision with another object" sid="6728403441931992" type="Player_base">
                    <param id="0" name="Object">finish</param>
                </condition>
            </conditions>
            <actions />
            <sub-events>
                <event-block sid="54291274704519">
                    <conditions>
                        <condition id="-14" name="Compare variable" sid="3117202106103953" type="System">
                            <param id="0" name="Variable">levels</param>
                            <param id="1" name="Comparison">0</param>
                            <param id="2" name="Value">11</param>
                        </condition>
                    </conditions>
                    <actions>
                        <action id="-9" name="Set value" sid="4961016001086085" type="System">
                            <param id="0" name="Variable">levels</param>
                            <param id="1" name="Value">12</param>
                        </action>
                        <action id="0" name="Set item" sid="9751850103945654" type="LocalStorage">
                            <param id="0" name="Key">&quot;level&quot;</param>
                            <param id="1" name="Value">levels</param>
                        </action>
                        <action id="-2" name="Go to layout" sid="8959446501937331" type="System">
                            <param id="0" name="Layout">menu</param>
                        </action>
                    </actions>
                </event-block>
                <event-block sid="7107453067396958">
                    <conditions>
                        <condition id="-22" name="Else" sid="8572581640026457" type="System" />
                    </conditions>
                    <actions>
                        <action id="-2" name="Go to layout" sid="5339517460182948" type="System">
                            <param id="0" name="Layout">menu</param>
                        </action>
                    </actions>
                </event-block>
            </sub-events>
        </event-block>
    </events>
</c2eventsheet>
