﻿<?xml version="1.0" encoding="utf-8" ?>
<c2eventsheet>
    <!--All the 'name' attributes are ignored by Construct 2 - they are there for readability only.-->
    <name>12</name>
    <events>
        <include>enemies</include>
        <include>player</include>
        <include>xdc_config</include>
        <event-block sid="461235284655614">
            <conditions>
                <condition id="-2" name="On start of layout" sid="1863657200080916" type="System" />
            </conditions>
            <actions>
                <action id="-10" name="Set value" sid="8903932949347087" type="Player_base">
                    <param id="0" name="Instance variable">skills</param>
                    <param id="1" name="Value">1</param>
                </action>
            </actions>
        </event-block>
        <event-block sid="1142661324647241">
            <conditions>
                <condition id="0" name="On collision with another object" sid="2750659679782684" type="Player_base">
                    <param id="0" name="Object">finish</param>
                </condition>
            </conditions>
            <actions />
            <sub-events>
                <event-block sid="6253035566412766">
                    <conditions>
                        <condition id="-14" name="Compare variable" sid="7907262630771909" type="System">
                            <param id="0" name="Variable">levels</param>
                            <param id="1" name="Comparison">0</param>
                            <param id="2" name="Value">12</param>
                        </condition>
                    </conditions>
                    <actions>
                        <action id="-9" name="Set value" sid="7215712867312494" type="System">
                            <param id="0" name="Variable">levels</param>
                            <param id="1" name="Value">13</param>
                        </action>
                        <action id="0" name="Set item" sid="371929966277452" type="LocalStorage">
                            <param id="0" name="Key">&quot;level&quot;</param>
                            <param id="1" name="Value">levels</param>
                        </action>
                        <action id="-2" name="Go to layout" sid="2182397844626757" type="System">
                            <param id="0" name="Layout">menu</param>
                        </action>
                    </actions>
                </event-block>
                <event-block sid="5526391918608095">
                    <conditions>
                        <condition id="-22" name="Else" sid="3432881103959342" type="System" />
                    </conditions>
                    <actions>
                        <action id="-2" name="Go to layout" sid="8745872278827085" type="System">
                            <param id="0" name="Layout">menu</param>
                        </action>
                    </actions>
                </event-block>
            </sub-events>
        </event-block>
    </events>
</c2eventsheet>
