﻿<?xml version="1.0" encoding="utf-8" ?>
<c2eventsheet>
    <!--All the 'name' attributes are ignored by Construct 2 - they are there for readability only.-->
    <name>13</name>
    <events>
        <include>enemies</include>
        <include>player</include>
        <include>xdc_config</include>
        <event-block sid="5092055432087429">
            <conditions>
                <condition id="-2" name="On start of layout" sid="289508695702428" type="System" />
            </conditions>
            <actions>
                <action id="-10" name="Set value" sid="3693048078410462" type="Player_base">
                    <param id="0" name="Instance variable">skills</param>
                    <param id="1" name="Value">1</param>
                </action>
            </actions>
        </event-block>
        <event-block sid="9194472142253141">
            <conditions>
                <condition id="0" name="On collision with another object" sid="4658690534824547" type="Player_base">
                    <param id="0" name="Object">finish</param>
                </condition>
            </conditions>
            <actions />
            <sub-events>
                <event-block sid="1223326418184321">
                    <conditions>
                        <condition id="-14" name="Compare variable" sid="967321468662058" type="System">
                            <param id="0" name="Variable">levels</param>
                            <param id="1" name="Comparison">0</param>
                            <param id="2" name="Value">13</param>
                        </condition>
                    </conditions>
                    <actions>
                        <action id="-9" name="Set value" sid="6248737560911908" type="System">
                            <param id="0" name="Variable">levels</param>
                            <param id="1" name="Value">14</param>
                        </action>
                        <action id="0" name="Set item" sid="7038734671332877" type="LocalStorage">
                            <param id="0" name="Key">&quot;level&quot;</param>
                            <param id="1" name="Value">levels</param>
                        </action>
                        <action id="-2" name="Go to layout" sid="4974142266339238" type="System">
                            <param id="0" name="Layout">menu</param>
                        </action>
                    </actions>
                </event-block>
                <event-block sid="2463746451679492">
                    <conditions>
                        <condition id="-22" name="Else" sid="1368337302716963" type="System" />
                    </conditions>
                    <actions>
                        <action id="-2" name="Go to layout" sid="5084635964379757" type="System">
                            <param id="0" name="Layout">menu</param>
                        </action>
                    </actions>
                </event-block>
            </sub-events>
        </event-block>
    </events>
</c2eventsheet>
