﻿<?xml version="1.0" encoding="utf-8" ?>
<c2eventsheet>
    <!--All the 'name' attributes are ignored by Construct 2 - they are there for readability only.-->
    <name>14</name>
    <events>
        <include>enemies</include>
        <include>player</include>
        <include>xdc_config</include>
        <event-block sid="2304828749882001">
            <conditions>
                <condition id="-2" name="On start of layout" sid="6318502620673415" type="System" />
            </conditions>
            <actions>
                <action id="-10" name="Set value" sid="3110623963494165" type="Player_base">
                    <param id="0" name="Instance variable">skills</param>
                    <param id="1" name="Value">1</param>
                </action>
            </actions>
        </event-block>
        <event-block sid="7135882513095009">
            <conditions>
                <condition id="0" name="On collision with another object" sid="4399437030918069" type="Player_base">
                    <param id="0" name="Object">finish</param>
                </condition>
            </conditions>
            <actions />
            <sub-events>
                <event-block sid="3802575954442511">
                    <conditions>
                        <condition id="-14" name="Compare variable" sid="240497684528414" type="System">
                            <param id="0" name="Variable">levels</param>
                            <param id="1" name="Comparison">0</param>
                            <param id="2" name="Value">14</param>
                        </condition>
                    </conditions>
                    <actions>
                        <action id="-9" name="Set value" sid="8909328498067106" type="System">
                            <param id="0" name="Variable">levels</param>
                            <param id="1" name="Value">15</param>
                        </action>
                        <action id="0" name="Set item" sid="5361139116308239" type="LocalStorage">
                            <param id="0" name="Key">&quot;level&quot;</param>
                            <param id="1" name="Value">levels</param>
                        </action>
                        <action id="-2" name="Go to layout" sid="1209423516639901" type="System">
                            <param id="0" name="Layout">menu</param>
                        </action>
                    </actions>
                </event-block>
                <event-block sid="8229098435437975">
                    <conditions>
                        <condition id="-22" name="Else" sid="8143756966275256" type="System" />
                    </conditions>
                    <actions>
                        <action id="-2" name="Go to layout" sid="6921695026079941" type="System">
                            <param id="0" name="Layout">menu</param>
                        </action>
                    </actions>
                </event-block>
            </sub-events>
        </event-block>
    </events>
</c2eventsheet>
