﻿<?xml version="1.0" encoding="utf-8" ?>
<c2eventsheet>
    <!--All the 'name' attributes are ignored by Construct 2 - they are there for readability only.-->
    <name>15</name>
    <events>
        <include>enemies</include>
        <include>player</include>
        <include>xdc_config</include>
        <event-block sid="8559402606200643">
            <conditions>
                <condition id="-2" name="On start of layout" sid="406718055840227" type="System" />
            </conditions>
            <actions>
                <action id="-10" name="Set value" sid="6718125166598331" type="Player_base">
                    <param id="0" name="Instance variable">skills</param>
                    <param id="1" name="Value">1</param>
                </action>
            </actions>
        </event-block>
        <event-block sid="1131128039084856">
            <conditions>
                <condition id="0" name="On collision with another object" sid="7063700466910848" type="Player_base">
                    <param id="0" name="Object">finish</param>
                </condition>
            </conditions>
            <actions />
            <sub-events>
                <event-block sid="6942429326526174">
                    <conditions>
                        <condition id="-14" name="Compare variable" sid="5764325690117182" type="System">
                            <param id="0" name="Variable">levels</param>
                            <param id="1" name="Comparison">0</param>
                            <param id="2" name="Value">15</param>
                        </condition>
                    </conditions>
                    <actions>
                        <action id="-9" name="Set value" sid="6127394299902425" type="System">
                            <param id="0" name="Variable">levels</param>
                            <param id="1" name="Value">16</param>
                        </action>
                        <action id="0" name="Set item" sid="9928509686700974" type="LocalStorage">
                            <param id="0" name="Key">&quot;level&quot;</param>
                            <param id="1" name="Value">levels</param>
                        </action>
                        <action id="-2" name="Go to layout" sid="6979627334499768" type="System">
                            <param id="0" name="Layout">menu</param>
                        </action>
                    </actions>
                </event-block>
                <event-block sid="6066156072092739">
                    <conditions>
                        <condition id="-22" name="Else" sid="6471950079736016" type="System" />
                    </conditions>
                    <actions>
                        <action id="-2" name="Go to layout" sid="5627517361077983" type="System">
                            <param id="0" name="Layout">menu</param>
                        </action>
                    </actions>
                </event-block>
            </sub-events>
        </event-block>
    </events>
</c2eventsheet>
