﻿<?xml version="1.0" encoding="utf-8" ?>
<c2eventsheet>
    <!--All the 'name' attributes are ignored by Construct 2 - they are there for readability only.-->
    <name>16</name>
    <events>
        <include>enemies</include>
        <include>player</include>
        <include>xdc_config</include>
        <event-block sid="639845725985205">
            <conditions>
                <condition id="-2" name="On start of layout" sid="4368758846570591" type="System" />
            </conditions>
            <actions>
                <action id="-10" name="Set value" sid="1640702887798813" type="Player_base">
                    <param id="0" name="Instance variable">skills</param>
                    <param id="1" name="Value">1</param>
                </action>
            </actions>
        </event-block>
        <event-block sid="2061118400747789">
            <conditions>
                <condition id="0" name="On collision with another object" sid="3906499428118032" type="Player_base">
                    <param id="0" name="Object">finish</param>
                </condition>
            </conditions>
            <actions />
            <sub-events>
                <event-block sid="7642946902947074">
                    <conditions>
                        <condition id="-14" name="Compare variable" sid="7450909382061445" type="System">
                            <param id="0" name="Variable">levels</param>
                            <param id="1" name="Comparison">0</param>
                            <param id="2" name="Value">16</param>
                        </condition>
                    </conditions>
                    <actions>
                        <action id="-9" name="Set value" sid="6197935645938378" type="System">
                            <param id="0" name="Variable">levels</param>
                            <param id="1" name="Value">17</param>
                        </action>
                        <action id="0" name="Set item" sid="4071510326489783" type="LocalStorage">
                            <param id="0" name="Key">&quot;level&quot;</param>
                            <param id="1" name="Value">levels</param>
                        </action>
                        <action id="-2" name="Go to layout" sid="7260399701721209" type="System">
                            <param id="0" name="Layout">menu</param>
                        </action>
                    </actions>
                </event-block>
                <event-block sid="814571649212645">
                    <conditions>
                        <condition id="-22" name="Else" sid="4655008215469155" type="System" />
                    </conditions>
                    <actions>
                        <action id="-2" name="Go to layout" sid="912869552997172" type="System">
                            <param id="0" name="Layout">menu</param>
                        </action>
                    </actions>
                </event-block>
            </sub-events>
        </event-block>
    </events>
</c2eventsheet>
