﻿<?xml version="1.0" encoding="utf-8" ?>
<c2eventsheet>
    <!--All the 'name' attributes are ignored by Construct 2 - they are there for readability only.-->
    <name>17</name>
    <events>
        <include>enemies</include>
        <include>player</include>
        <include>xdc_config</include>
        <event-block sid="5462401411232959">
            <conditions>
                <condition id="-2" name="On start of layout" sid="2379906623074186" type="System" />
            </conditions>
            <actions>
                <action id="-10" name="Set value" sid="4301739911068571" type="Player_base">
                    <param id="0" name="Instance variable">skills</param>
                    <param id="1" name="Value">1</param>
                </action>
            </actions>
        </event-block>
        <event-block sid="1343954476995558">
            <conditions>
                <condition id="0" name="On collision with another object" sid="9557998377269353" type="Player_base">
                    <param id="0" name="Object">finish</param>
                </condition>
            </conditions>
            <actions />
            <sub-events>
                <event-block sid="1022066951131749">
                    <conditions>
                        <condition id="-14" name="Compare variable" sid="8454027402285246" type="System">
                            <param id="0" name="Variable">levels</param>
                            <param id="1" name="Comparison">0</param>
                            <param id="2" name="Value">17</param>
                        </condition>
                    </conditions>
                    <actions>
                        <action id="-9" name="Set value" sid="7357147525284265" type="System">
                            <param id="0" name="Variable">levels</param>
                            <param id="1" name="Value">18</param>
                        </action>
                        <action id="0" name="Set item" sid="561845402294793" type="LocalStorage">
                            <param id="0" name="Key">&quot;level&quot;</param>
                            <param id="1" name="Value">levels</param>
                        </action>
                        <action id="-2" name="Go to layout" sid="8010674019723778" type="System">
                            <param id="0" name="Layout">menu</param>
                        </action>
                    </actions>
                </event-block>
                <event-block sid="6670357295069165">
                    <conditions>
                        <condition id="-22" name="Else" sid="7612678137938745" type="System" />
                    </conditions>
                    <actions>
                        <action id="-2" name="Go to layout" sid="9547781742011863" type="System">
                            <param id="0" name="Layout">menu</param>
                        </action>
                    </actions>
                </event-block>
            </sub-events>
        </event-block>
    </events>
</c2eventsheet>
