﻿<?xml version="1.0" encoding="utf-8" ?>
<c2eventsheet>
    <!--All the 'name' attributes are ignored by Construct 2 - they are there for readability only.-->
    <name>18</name>
    <events>
        <include>enemies</include>
        <include>player</include>
        <include>xdc_config</include>
        <event-block sid="3908550389256896">
            <conditions>
                <condition id="-2" name="On start of layout" sid="6807186127668547" type="System" />
            </conditions>
            <actions>
                <action id="-10" name="Set value" sid="6763486891092606" type="Player_base">
                    <param id="0" name="Instance variable">skills</param>
                    <param id="1" name="Value">1</param>
                </action>
            </actions>
        </event-block>
        <event-block sid="4874729201547519">
            <conditions>
                <condition id="0" name="On collision with another object" sid="9018815281127312" type="Player_base">
                    <param id="0" name="Object">finish</param>
                </condition>
            </conditions>
            <actions />
            <sub-events>
                <event-block sid="9678090952083943">
                    <conditions>
                        <condition id="-14" name="Compare variable" sid="8756186414495657" type="System">
                            <param id="0" name="Variable">levels</param>
                            <param id="1" name="Comparison">0</param>
                            <param id="2" name="Value">18</param>
                        </condition>
                    </conditions>
                    <actions>
                        <action id="-9" name="Set value" sid="9639096461555933" type="System">
                            <param id="0" name="Variable">levels</param>
                            <param id="1" name="Value">19</param>
                        </action>
                        <action id="0" name="Set item" sid="3604491498511576" type="LocalStorage">
                            <param id="0" name="Key">&quot;level&quot;</param>
                            <param id="1" name="Value">levels</param>
                        </action>
                        <action id="-2" name="Go to layout" sid="1007910028682678" type="System">
                            <param id="0" name="Layout">menu</param>
                        </action>
                    </actions>
                </event-block>
                <event-block sid="5043292601136787">
                    <conditions>
                        <condition id="-22" name="Else" sid="6981822584016107" type="System" />
                    </conditions>
                    <actions>
                        <action id="-2" name="Go to layout" sid="4537806983230349" type="System">
                            <param id="0" name="Layout">menu</param>
                        </action>
                    </actions>
                </event-block>
            </sub-events>
        </event-block>
    </events>
</c2eventsheet>
