﻿<?xml version="1.0" encoding="utf-8" ?>
<c2eventsheet>
    <!--All the 'name' attributes are ignored by Construct 2 - they are there for readability only.-->
    <name>19</name>
    <events>
        <include>enemies</include>
        <include>player</include>
        <include>xdc_config</include>
        <event-block sid="4996341937233634">
            <conditions>
                <condition id="-2" name="On start of layout" sid="1249207234526052" type="System" />
            </conditions>
            <actions>
                <action id="-10" name="Set value" sid="3122530939961157" type="Player_base">
                    <param id="0" name="Instance variable">skills</param>
                    <param id="1" name="Value">1</param>
                </action>
            </actions>
        </event-block>
        <event-block sid="99687036602984">
            <conditions>
                <condition id="0" name="On collision with another object" sid="7201161712544692" type="Player_base">
                    <param id="0" name="Object">finish</param>
                </condition>
            </conditions>
            <actions />
            <sub-events>
                <event-block sid="705564499169932">
                    <conditions>
                        <condition id="-14" name="Compare variable" sid="5676729426564698" type="System">
                            <param id="0" name="Variable">levels</param>
                            <param id="1" name="Comparison">0</param>
                            <param id="2" name="Value">19</param>
                        </condition>
                    </conditions>
                    <actions>
                        <action id="-9" name="Set value" sid="5649508021664868" type="System">
                            <param id="0" name="Variable">levels</param>
                            <param id="1" name="Value">20</param>
                        </action>
                        <action id="0" name="Set item" sid="7164878669656038" type="LocalStorage">
                            <param id="0" name="Key">&quot;level&quot;</param>
                            <param id="1" name="Value">levels</param>
                        </action>
                        <action id="-2" name="Go to layout" sid="7437051857302885" type="System">
                            <param id="0" name="Layout">menu</param>
                        </action>
                    </actions>
                </event-block>
                <event-block sid="3071985389242553">
                    <conditions>
                        <condition id="-22" name="Else" sid="4671050519480802" type="System" />
                    </conditions>
                    <actions>
                        <action id="-2" name="Go to layout" sid="5666706413364043" type="System">
                            <param id="0" name="Layout">menu</param>
                        </action>
                    </actions>
                </event-block>
            </sub-events>
        </event-block>
    </events>
</c2eventsheet>
