﻿<?xml version="1.0" encoding="utf-8" ?>
<c2eventsheet>
    <!--All the 'name' attributes are ignored by Construct 2 - they are there for readability only.-->
    <name>2</name>
    <events>
        <include>player</include>
        <include>xdc_config</include>
        <event-block sid="7829567045562034">
            <conditions>
                <condition id="-2" name="On start of layout" sid="6250978512820743" type="System" />
            </conditions>
            <actions>
                <action id="-10" name="Set value" sid="9963821862911818" type="Player_base">
                    <param id="0" name="Instance variable">skills</param>
                    <param id="1" name="Value">1</param>
                </action>
            </actions>
        </event-block>
        <event-block sid="2990757483976974">
            <conditions>
                <condition id="0" name="On collision with another object" sid="5848950937300215" type="Player_base">
                    <param id="0" name="Object">finish</param>
                </condition>
            </conditions>
            <actions />
            <sub-events>
                <event-block sid="8803307691589527">
                    <conditions>
                        <condition id="-14" name="Compare variable" sid="2162028896540944" type="System">
                            <param id="0" name="Variable">levels</param>
                            <param id="1" name="Comparison">0</param>
                            <param id="2" name="Value">2</param>
                        </condition>
                    </conditions>
                    <actions>
                        <action id="-9" name="Set value" sid="7308708144934276" type="System">
                            <param id="0" name="Variable">levels</param>
                            <param id="1" name="Value">3</param>
                        </action>
                        <action id="0" name="Set item" sid="9437217476040038" type="LocalStorage">
                            <param id="0" name="Key">&quot;level&quot;</param>
                            <param id="1" name="Value">levels</param>
                        </action>
                        <action id="-2" name="Go to layout" sid="7753047164431806" type="System">
                            <param id="0" name="Layout">menu</param>
                        </action>
                    </actions>
                </event-block>
                <event-block sid="1883830069557445">
                    <conditions>
                        <condition id="-22" name="Else" sid="2790940391352138" type="System" />
                    </conditions>
                    <actions>
                        <action id="-2" name="Go to layout" sid="1985709270370694" type="System">
                            <param id="0" name="Layout">menu</param>
                        </action>
                    </actions>
                </event-block>
            </sub-events>
        </event-block>
    </events>
</c2eventsheet>
