﻿<?xml version="1.0" encoding="utf-8" ?>
<c2eventsheet>
    <!--All the 'name' attributes are ignored by Construct 2 - they are there for readability only.-->
    <name>20</name>
    <events>
        <include>enemies</include>
        <include>player</include>
        <include>xdc_config</include>
        <event-block sid="9302548757736321">
            <conditions>
                <condition id="-2" name="On start of layout" sid="553342730139195" type="System" />
            </conditions>
            <actions>
                <action id="-10" name="Set value" sid="6778904749091982" type="Player_base">
                    <param id="0" name="Instance variable">skills</param>
                    <param id="1" name="Value">1</param>
                </action>
            </actions>
        </event-block>
        <event-block sid="9969857248358062">
            <conditions>
                <condition id="0" name="On collision with another object" sid="1143483514295576" type="Player_base">
                    <param id="0" name="Object">finish</param>
                </condition>
            </conditions>
            <actions />
            <sub-events>
                <event-block sid="2780431841969359">
                    <conditions>
                        <condition id="-14" name="Compare variable" sid="800869511725018" type="System">
                            <param id="0" name="Variable">levels</param>
                            <param id="1" name="Comparison">0</param>
                            <param id="2" name="Value">20</param>
                        </condition>
                    </conditions>
                    <actions>
                        <action id="-9" name="Set value" sid="3613898983254998" type="System">
                            <param id="0" name="Variable">levels</param>
                            <param id="1" name="Value">21</param>
                        </action>
                        <action id="0" name="Set item" sid="915024611391386" type="LocalStorage">
                            <param id="0" name="Key">&quot;level&quot;</param>
                            <param id="1" name="Value">levels</param>
                        </action>
                        <action id="-2" name="Go to layout" sid="6343612510075897" type="System">
                            <param id="0" name="Layout">menu</param>
                        </action>
                    </actions>
                </event-block>
                <event-block sid="1362032252259939">
                    <conditions>
                        <condition id="-22" name="Else" sid="3734651394291679" type="System" />
                    </conditions>
                    <actions>
                        <action id="-2" name="Go to layout" sid="7007830835676366" type="System">
                            <param id="0" name="Layout">menu</param>
                        </action>
                    </actions>
                </event-block>
            </sub-events>
        </event-block>
    </events>
</c2eventsheet>
