﻿<?xml version="1.0" encoding="utf-8" ?>
<c2eventsheet>
    <!--All the 'name' attributes are ignored by Construct 2 - they are there for readability only.-->
    <name>21</name>
    <events>
        <include>enemies</include>
        <include>player</include>
        <include>xdc_config</include>
        <event-block sid="9105834356331545">
            <conditions>
                <condition id="-2" name="On start of layout" sid="9221463046810633" type="System" />
            </conditions>
            <actions>
                <action id="-10" name="Set value" sid="5268471430979116" type="Player_base">
                    <param id="0" name="Instance variable">skills</param>
                    <param id="1" name="Value">1</param>
                </action>
            </actions>
        </event-block>
        <event-block sid="5011738740860398">
            <conditions>
                <condition id="0" name="On collision with another object" sid="6607103055037897" type="Player_base">
                    <param id="0" name="Object">finish</param>
                </condition>
            </conditions>
            <actions />
            <sub-events>
                <event-block sid="5925480748958873">
                    <conditions>
                        <condition id="-14" name="Compare variable" sid="4491776390289164" type="System">
                            <param id="0" name="Variable">levels</param>
                            <param id="1" name="Comparison">0</param>
                            <param id="2" name="Value">21</param>
                        </condition>
                    </conditions>
                    <actions>
                        <action id="-9" name="Set value" sid="7403867987265338" type="System">
                            <param id="0" name="Variable">levels</param>
                            <param id="1" name="Value">22</param>
                        </action>
                        <action id="0" name="Set item" sid="6560317287421046" type="LocalStorage">
                            <param id="0" name="Key">&quot;level&quot;</param>
                            <param id="1" name="Value">levels</param>
                        </action>
                        <action id="-2" name="Go to layout" sid="4316089318518743" type="System">
                            <param id="0" name="Layout">menu</param>
                        </action>
                    </actions>
                </event-block>
                <event-block sid="3829326474561603">
                    <conditions>
                        <condition id="-22" name="Else" sid="5629846124033206" type="System" />
                    </conditions>
                    <actions>
                        <action id="-2" name="Go to layout" sid="4174890981294926" type="System">
                            <param id="0" name="Layout">menu</param>
                        </action>
                    </actions>
                </event-block>
            </sub-events>
        </event-block>
    </events>
</c2eventsheet>
