﻿<?xml version="1.0" encoding="utf-8" ?>
<c2eventsheet>
    <!--All the 'name' attributes are ignored by Construct 2 - they are there for readability only.-->
    <name>22</name>
    <events>
        <include>enemies</include>
        <include>player</include>
        <include>xdc_config</include>
        <event-block sid="7567502701460788">
            <conditions>
                <condition id="-2" name="On start of layout" sid="3670052566403901" type="System" />
            </conditions>
            <actions>
                <action id="-10" name="Set value" sid="4719692925747535" type="Player_base">
                    <param id="0" name="Instance variable">skills</param>
                    <param id="1" name="Value">1</param>
                </action>
            </actions>
        </event-block>
        <event-block sid="7453821741610833">
            <conditions>
                <condition id="0" name="On collision with another object" sid="3038085618359265" type="Player_base">
                    <param id="0" name="Object">finish</param>
                </condition>
            </conditions>
            <actions />
            <sub-events>
                <event-block sid="6060010315546855">
                    <conditions>
                        <condition id="-14" name="Compare variable" sid="5666277736068495" type="System">
                            <param id="0" name="Variable">levels</param>
                            <param id="1" name="Comparison">0</param>
                            <param id="2" name="Value">22</param>
                        </condition>
                    </conditions>
                    <actions>
                        <action id="-9" name="Set value" sid="2834068067932345" type="System">
                            <param id="0" name="Variable">levels</param>
                            <param id="1" name="Value">23</param>
                        </action>
                        <action id="0" name="Set item" sid="1018403627194982" type="LocalStorage">
                            <param id="0" name="Key">&quot;level&quot;</param>
                            <param id="1" name="Value">levels</param>
                        </action>
                        <action id="-2" name="Go to layout" sid="1050612519913212" type="System">
                            <param id="0" name="Layout">menu</param>
                        </action>
                    </actions>
                </event-block>
                <event-block sid="3022703887851426">
                    <conditions>
                        <condition id="-22" name="Else" sid="6110845362114519" type="System" />
                    </conditions>
                    <actions>
                        <action id="-2" name="Go to layout" sid="8322556744713627" type="System">
                            <param id="0" name="Layout">menu</param>
                        </action>
                    </actions>
                </event-block>
            </sub-events>
        </event-block>
    </events>
</c2eventsheet>
