﻿<?xml version="1.0" encoding="utf-8" ?>
<c2eventsheet>
    <!--All the 'name' attributes are ignored by Construct 2 - they are there for readability only.-->
    <name>23</name>
    <events>
        <include>enemies</include>
        <include>player</include>
        <include>xdc_config</include>
        <event-block sid="8527125646065146">
            <conditions>
                <condition id="-2" name="On start of layout" sid="3956996139418778" type="System" />
            </conditions>
            <actions>
                <action id="-10" name="Set value" sid="6333583166464395" type="Player_base">
                    <param id="0" name="Instance variable">skills</param>
                    <param id="1" name="Value">1</param>
                </action>
            </actions>
        </event-block>
        <event-block sid="1052588941427534">
            <conditions>
                <condition id="0" name="On collision with another object" sid="4431327925641217" type="Player_base">
                    <param id="0" name="Object">finish</param>
                </condition>
            </conditions>
            <actions />
            <sub-events>
                <event-block sid="9019193150951403">
                    <conditions>
                        <condition id="-14" name="Compare variable" sid="1387060454633079" type="System">
                            <param id="0" name="Variable">levels</param>
                            <param id="1" name="Comparison">0</param>
                            <param id="2" name="Value">23</param>
                        </condition>
                    </conditions>
                    <actions>
                        <action id="-9" name="Set value" sid="1986046610681437" type="System">
                            <param id="0" name="Variable">levels</param>
                            <param id="1" name="Value">24</param>
                        </action>
                        <action id="0" name="Set item" sid="6036183069893823" type="LocalStorage">
                            <param id="0" name="Key">&quot;level&quot;</param>
                            <param id="1" name="Value">levels</param>
                        </action>
                        <action id="-2" name="Go to layout" sid="5837916350693365" type="System">
                            <param id="0" name="Layout">menu</param>
                        </action>
                    </actions>
                </event-block>
                <event-block sid="7966697046010894">
                    <conditions>
                        <condition id="-22" name="Else" sid="1898726631576256" type="System" />
                    </conditions>
                    <actions>
                        <action id="-2" name="Go to layout" sid="7733551924029066" type="System">
                            <param id="0" name="Layout">menu</param>
                        </action>
                    </actions>
                </event-block>
            </sub-events>
        </event-block>
    </events>
</c2eventsheet>
