﻿<?xml version="1.0" encoding="utf-8" ?>
<c2eventsheet>
    <!--All the 'name' attributes are ignored by Construct 2 - they are there for readability only.-->
    <name>24</name>
    <events>
        <include>enemies</include>
        <include>player</include>
        <include>xdc_config</include>
        <event-block sid="9182644683712742">
            <conditions>
                <condition id="-2" name="On start of layout" sid="2314946685415131" type="System" />
            </conditions>
            <actions>
                <action id="-10" name="Set value" sid="5850294672949316" type="Player_base">
                    <param id="0" name="Instance variable">skills</param>
                    <param id="1" name="Value">1</param>
                </action>
            </actions>
        </event-block>
        <event-block sid="866217387640517">
            <conditions>
                <condition id="0" name="On collision with another object" sid="5991749954236344" type="Player_base">
                    <param id="0" name="Object">finish</param>
                </condition>
            </conditions>
            <actions />
            <sub-events>
                <event-block sid="1905535820804984">
                    <conditions>
                        <condition id="-14" name="Compare variable" sid="5848977341032511" type="System">
                            <param id="0" name="Variable">levels</param>
                            <param id="1" name="Comparison">0</param>
                            <param id="2" name="Value">24</param>
                        </condition>
                    </conditions>
                    <actions>
                        <action id="-9" name="Set value" sid="3159969265133786" type="System">
                            <param id="0" name="Variable">levels</param>
                            <param id="1" name="Value">25</param>
                        </action>
                        <action id="0" name="Set item" sid="557457833191356" type="LocalStorage">
                            <param id="0" name="Key">&quot;level&quot;</param>
                            <param id="1" name="Value">levels</param>
                        </action>
                        <action id="-2" name="Go to layout" sid="259351479776785" type="System">
                            <param id="0" name="Layout">menu</param>
                        </action>
                    </actions>
                </event-block>
                <event-block sid="773072603048111">
                    <conditions>
                        <condition id="-22" name="Else" sid="7388940939705958" type="System" />
                    </conditions>
                    <actions>
                        <action id="-2" name="Go to layout" sid="9795587656841472" type="System">
                            <param id="0" name="Layout">menu</param>
                        </action>
                    </actions>
                </event-block>
            </sub-events>
        </event-block>
    </events>
</c2eventsheet>
