﻿<?xml version="1.0" encoding="utf-8" ?>
<c2eventsheet>
    <!--All the 'name' attributes are ignored by Construct 2 - they are there for readability only.-->
    <name>25</name>
    <events>
        <include>enemies</include>
        <include>player</include>
        <include>xdc_config</include>
        <event-block sid="9182298209361317">
            <conditions>
                <condition id="-2" name="On start of layout" sid="3105919600771193" type="System" />
            </conditions>
            <actions>
                <action id="-10" name="Set value" sid="7036628266764821" type="Player_base">
                    <param id="0" name="Instance variable">skills</param>
                    <param id="1" name="Value">1</param>
                </action>
            </actions>
        </event-block>
        <event-block sid="6794718451091695">
            <conditions>
                <condition id="0" name="On collision with another object" sid="8408482951565265" type="Player_base">
                    <param id="0" name="Object">finish</param>
                </condition>
            </conditions>
            <actions />
            <sub-events>
                <event-block sid="631846524166049">
                    <conditions>
                        <condition id="-14" name="Compare variable" sid="2919763268649372" type="System">
                            <param id="0" name="Variable">levels</param>
                            <param id="1" name="Comparison">0</param>
                            <param id="2" name="Value">25</param>
                        </condition>
                    </conditions>
                    <actions>
                        <action id="-9" name="Set value" sid="160804557104316" type="System">
                            <param id="0" name="Variable">levels</param>
                            <param id="1" name="Value">26</param>
                        </action>
                        <action id="0" name="Set item" sid="9549552140601097" type="LocalStorage">
                            <param id="0" name="Key">&quot;level&quot;</param>
                            <param id="1" name="Value">levels</param>
                        </action>
                        <action id="-2" name="Go to layout" sid="2088089636542322" type="System">
                            <param id="0" name="Layout">menu</param>
                        </action>
                    </actions>
                </event-block>
                <event-block sid="3385754483794075">
                    <conditions>
                        <condition id="-22" name="Else" sid="653750490327642" type="System" />
                    </conditions>
                    <actions>
                        <action id="-2" name="Go to layout" sid="2492333113566365" type="System">
                            <param id="0" name="Layout">menu</param>
                        </action>
                    </actions>
                </event-block>
            </sub-events>
        </event-block>
    </events>
</c2eventsheet>
