﻿<?xml version="1.0" encoding="utf-8" ?>
<c2eventsheet>
    <!--All the 'name' attributes are ignored by Construct 2 - they are there for readability only.-->
    <name>26</name>
    <events>
        <include>enemies</include>
        <include>player</include>
        <include>xdc_config</include>
        <event-block sid="5574788862924456">
            <conditions>
                <condition id="-2" name="On start of layout" sid="7843590941750713" type="System" />
            </conditions>
            <actions>
                <action id="-10" name="Set value" sid="6114359558973117" type="Player_base">
                    <param id="0" name="Instance variable">skills</param>
                    <param id="1" name="Value">1</param>
                </action>
            </actions>
        </event-block>
        <event-block sid="1861715909211218">
            <conditions>
                <condition id="0" name="On collision with another object" sid="285249505080396" type="Player_base">
                    <param id="0" name="Object">finish</param>
                </condition>
            </conditions>
            <actions />
            <sub-events>
                <event-block sid="9262504092018255">
                    <conditions>
                        <condition id="-14" name="Compare variable" sid="9338802158408037" type="System">
                            <param id="0" name="Variable">levels</param>
                            <param id="1" name="Comparison">0</param>
                            <param id="2" name="Value">26</param>
                        </condition>
                    </conditions>
                    <actions>
                        <action id="-9" name="Set value" sid="5819835466529668" type="System">
                            <param id="0" name="Variable">levels</param>
                            <param id="1" name="Value">27</param>
                        </action>
                        <action id="0" name="Set item" sid="9490512402949891" type="LocalStorage">
                            <param id="0" name="Key">&quot;level&quot;</param>
                            <param id="1" name="Value">levels</param>
                        </action>
                        <action id="-2" name="Go to layout" sid="6490338837968874" type="System">
                            <param id="0" name="Layout">menu</param>
                        </action>
                    </actions>
                </event-block>
                <event-block sid="3078281269169872">
                    <conditions>
                        <condition id="-22" name="Else" sid="4344194445523644" type="System" />
                    </conditions>
                    <actions>
                        <action id="-2" name="Go to layout" sid="6426703724538636" type="System">
                            <param id="0" name="Layout">menu</param>
                        </action>
                    </actions>
                </event-block>
            </sub-events>
        </event-block>
    </events>
</c2eventsheet>
