﻿<?xml version="1.0" encoding="utf-8" ?>
<c2eventsheet>
    <!--All the 'name' attributes are ignored by Construct 2 - they are there for readability only.-->
    <name>27</name>
    <events>
        <include>enemies</include>
        <include>player</include>
        <include>xdc_config</include>
        <event-block sid="9624964293924269">
            <conditions>
                <condition id="-2" name="On start of layout" sid="4151858154277301" type="System" />
            </conditions>
            <actions>
                <action id="-10" name="Set value" sid="4152866878772891" type="Player_base">
                    <param id="0" name="Instance variable">skills</param>
                    <param id="1" name="Value">1</param>
                </action>
            </actions>
        </event-block>
        <event-block sid="4308247029149371">
            <conditions>
                <condition id="0" name="On collision with another object" sid="8797512890303458" type="Player_base">
                    <param id="0" name="Object">finish</param>
                </condition>
            </conditions>
            <actions />
            <sub-events>
                <event-block sid="644008617324609">
                    <conditions>
                        <condition id="-14" name="Compare variable" sid="4808790322113639" type="System">
                            <param id="0" name="Variable">levels</param>
                            <param id="1" name="Comparison">0</param>
                            <param id="2" name="Value">27</param>
                        </condition>
                    </conditions>
                    <actions>
                        <action id="-9" name="Set value" sid="4761365145806725" type="System">
                            <param id="0" name="Variable">levels</param>
                            <param id="1" name="Value">28</param>
                        </action>
                        <action id="0" name="Set item" sid="9023900525516703" type="LocalStorage">
                            <param id="0" name="Key">&quot;level&quot;</param>
                            <param id="1" name="Value">levels</param>
                        </action>
                        <action id="-2" name="Go to layout" sid="4395100521507169" type="System">
                            <param id="0" name="Layout">menu</param>
                        </action>
                    </actions>
                </event-block>
                <event-block sid="8099947025284834">
                    <conditions>
                        <condition id="-22" name="Else" sid="4088088861006538" type="System" />
                    </conditions>
                    <actions>
                        <action id="-2" name="Go to layout" sid="3688810600191996" type="System">
                            <param id="0" name="Layout">menu</param>
                        </action>
                    </actions>
                </event-block>
            </sub-events>
        </event-block>
    </events>
</c2eventsheet>
