﻿<?xml version="1.0" encoding="utf-8" ?>
<c2eventsheet>
    <!--All the 'name' attributes are ignored by Construct 2 - they are there for readability only.-->
    <name>28</name>
    <events>
        <include>enemies</include>
        <include>player</include>
        <include>xdc_config</include>
        <event-block sid="3692000517464822">
            <conditions>
                <condition id="-2" name="On start of layout" sid="6494745501047793" type="System" />
            </conditions>
            <actions>
                <action id="-10" name="Set value" sid="167206482471983" type="Player_base">
                    <param id="0" name="Instance variable">skills</param>
                    <param id="1" name="Value">1</param>
                </action>
            </actions>
        </event-block>
        <event-block sid="3975020320055617">
            <conditions>
                <condition id="0" name="On collision with another object" sid="3775173032631338" type="Player_base">
                    <param id="0" name="Object">finish</param>
                </condition>
            </conditions>
            <actions />
            <sub-events>
                <event-block sid="514923225020354">
                    <conditions>
                        <condition id="-14" name="Compare variable" sid="7237049017693359" type="System">
                            <param id="0" name="Variable">levels</param>
                            <param id="1" name="Comparison">0</param>
                            <param id="2" name="Value">28</param>
                        </condition>
                    </conditions>
                    <actions>
                        <action id="-9" name="Set value" sid="7092383771586028" type="System">
                            <param id="0" name="Variable">levels</param>
                            <param id="1" name="Value">29</param>
                        </action>
                        <action id="0" name="Set item" sid="2294660697923261" type="LocalStorage">
                            <param id="0" name="Key">&quot;level&quot;</param>
                            <param id="1" name="Value">levels</param>
                        </action>
                        <action id="-2" name="Go to layout" sid="7780531850019417" type="System">
                            <param id="0" name="Layout">menu</param>
                        </action>
                    </actions>
                </event-block>
                <event-block sid="1766319352936585">
                    <conditions>
                        <condition id="-22" name="Else" sid="2926870647740411" type="System" />
                    </conditions>
                    <actions>
                        <action id="-2" name="Go to layout" sid="669794701112248" type="System">
                            <param id="0" name="Layout">menu</param>
                        </action>
                    </actions>
                </event-block>
            </sub-events>
        </event-block>
    </events>
</c2eventsheet>
