﻿<?xml version="1.0" encoding="utf-8" ?>
<c2eventsheet>
    <!--All the 'name' attributes are ignored by Construct 2 - they are there for readability only.-->
    <name>29</name>
    <events>
        <include>enemies</include>
        <include>player</include>
        <include>xdc_config</include>
        <event-block sid="3743614707860371">
            <conditions>
                <condition id="-2" name="On start of layout" sid="774367696119291" type="System" />
            </conditions>
            <actions>
                <action id="-10" name="Set value" sid="2826690245088385" type="Player_base">
                    <param id="0" name="Instance variable">skills</param>
                    <param id="1" name="Value">1</param>
                </action>
            </actions>
        </event-block>
        <event-block sid="4743746342457618">
            <conditions>
                <condition id="0" name="On collision with another object" sid="124924317229863" type="Player_base">
                    <param id="0" name="Object">finish</param>
                </condition>
            </conditions>
            <actions />
            <sub-events>
                <event-block sid="8947215866938825">
                    <conditions>
                        <condition id="-14" name="Compare variable" sid="9792091368595925" type="System">
                            <param id="0" name="Variable">levels</param>
                            <param id="1" name="Comparison">0</param>
                            <param id="2" name="Value">29</param>
                        </condition>
                    </conditions>
                    <actions>
                        <action id="-9" name="Set value" sid="5939992828090829" type="System">
                            <param id="0" name="Variable">levels</param>
                            <param id="1" name="Value">30</param>
                        </action>
                        <action id="0" name="Set item" sid="3280486487856738" type="LocalStorage">
                            <param id="0" name="Key">&quot;level&quot;</param>
                            <param id="1" name="Value">levels</param>
                        </action>
                        <action id="-2" name="Go to layout" sid="7827007618447993" type="System">
                            <param id="0" name="Layout">menu</param>
                        </action>
                    </actions>
                </event-block>
                <event-block sid="8957163742373887">
                    <conditions>
                        <condition id="-22" name="Else" sid="9905987447480787" type="System" />
                    </conditions>
                    <actions>
                        <action id="-2" name="Go to layout" sid="3423461475786573" type="System">
                            <param id="0" name="Layout">menu</param>
                        </action>
                    </actions>
                </event-block>
            </sub-events>
        </event-block>
    </events>
</c2eventsheet>
