﻿<?xml version="1.0" encoding="utf-8" ?>
<c2eventsheet>
    <!--All the 'name' attributes are ignored by Construct 2 - they are there for readability only.-->
    <name>3</name>
    <events>
        <include>player</include>
        <include>xdc_config</include>
        <event-block sid="5613642497922532">
            <conditions>
                <condition id="-2" name="On start of layout" sid="473273049054413" type="System" />
            </conditions>
            <actions>
                <action id="-10" name="Set value" sid="9319254804270385" type="Player_base">
                    <param id="0" name="Instance variable">skills</param>
                    <param id="1" name="Value">1</param>
                </action>
            </actions>
        </event-block>
        <event-block sid="4380878991476974">
            <conditions>
                <condition id="0" name="On collision with another object" sid="4154968429956403" type="Player_base">
                    <param id="0" name="Object">finish</param>
                </condition>
            </conditions>
            <actions />
            <sub-events>
                <event-block sid="2089714763217328">
                    <conditions>
                        <condition id="-14" name="Compare variable" sid="4763019737777761" type="System">
                            <param id="0" name="Variable">levels</param>
                            <param id="1" name="Comparison">0</param>
                            <param id="2" name="Value">3</param>
                        </condition>
                    </conditions>
                    <actions>
                        <action id="-9" name="Set value" sid="3614143683527615" type="System">
                            <param id="0" name="Variable">levels</param>
                            <param id="1" name="Value">4</param>
                        </action>
                        <action id="0" name="Set item" sid="3744695856046167" type="LocalStorage">
                            <param id="0" name="Key">&quot;level&quot;</param>
                            <param id="1" name="Value">levels</param>
                        </action>
                        <action id="-2" name="Go to layout" sid="2571910348041301" type="System">
                            <param id="0" name="Layout">menu</param>
                        </action>
                    </actions>
                </event-block>
                <event-block sid="6373283453520614">
                    <conditions>
                        <condition id="-22" name="Else" sid="7948602481384805" type="System" />
                    </conditions>
                    <actions>
                        <action id="-2" name="Go to layout" sid="5173591780747707" type="System">
                            <param id="0" name="Layout">menu</param>
                        </action>
                    </actions>
                </event-block>
            </sub-events>
        </event-block>
    </events>
</c2eventsheet>
