﻿<?xml version="1.0" encoding="utf-8" ?>
<c2eventsheet>
    <!--All the 'name' attributes are ignored by Construct 2 - they are there for readability only.-->
    <name>30</name>
    <events>
        <include>enemies</include>
        <include>player</include>
        <include>xdc_config</include>
        <event-block sid="5080439136148035">
            <conditions>
                <condition id="-2" name="On start of layout" sid="405887788149528" type="System" />
            </conditions>
            <actions>
                <action id="-10" name="Set value" sid="7939228805613562" type="Player_base">
                    <param id="0" name="Instance variable">skills</param>
                    <param id="1" name="Value">1</param>
                </action>
            </actions>
        </event-block>
        <event-block sid="5262147388288118">
            <conditions>
                <condition id="0" name="On collision with another object" sid="7525312443364572" type="Player_base">
                    <param id="0" name="Object">finish</param>
                </condition>
            </conditions>
            <actions />
            <sub-events>
                <event-block sid="9031970294395688">
                    <conditions>
                        <condition id="-14" name="Compare variable" sid="2020844583352865" type="System">
                            <param id="0" name="Variable">levels</param>
                            <param id="1" name="Comparison">0</param>
                            <param id="2" name="Value">30</param>
                        </condition>
                    </conditions>
                    <actions>
                        <action id="-9" name="Set value" sid="4138319612915003" type="System">
                            <param id="0" name="Variable">levels</param>
                            <param id="1" name="Value">31</param>
                        </action>
                        <action id="0" name="Set item" sid="8777867625123553" type="LocalStorage">
                            <param id="0" name="Key">&quot;level&quot;</param>
                            <param id="1" name="Value">levels</param>
                        </action>
                        <action id="-2" name="Go to layout" sid="9605978610500925" type="System">
                            <param id="0" name="Layout">menu</param>
                        </action>
                    </actions>
                </event-block>
                <event-block sid="5970407896427111">
                    <conditions>
                        <condition id="-22" name="Else" sid="8559890784407384" type="System" />
                    </conditions>
                    <actions>
                        <action id="-2" name="Go to layout" sid="6641569073364649" type="System">
                            <param id="0" name="Layout">menu</param>
                        </action>
                    </actions>
                </event-block>
            </sub-events>
        </event-block>
    </events>
</c2eventsheet>
