﻿<?xml version="1.0" encoding="utf-8" ?>
<c2eventsheet>
    <!--All the 'name' attributes are ignored by Construct 2 - they are there for readability only.-->
    <name>31</name>
    <events>
        <include>enemies</include>
        <include>player</include>
        <include>xdc_config</include>
        <event-block sid="2497424858260602">
            <conditions>
                <condition id="-2" name="On start of layout" sid="3421453972828907" type="System" />
            </conditions>
            <actions>
                <action id="-10" name="Set value" sid="3120683972050301" type="Player_base">
                    <param id="0" name="Instance variable">skills</param>
                    <param id="1" name="Value">1</param>
                </action>
            </actions>
        </event-block>
        <event-block sid="4266833804006607">
            <conditions>
                <condition id="0" name="On collision with another object" sid="3037801884703222" type="Player_base">
                    <param id="0" name="Object">finish</param>
                </condition>
            </conditions>
            <actions />
            <sub-events>
                <event-block sid="1352774696554994">
                    <conditions>
                        <condition id="-14" name="Compare variable" sid="9767360092528264" type="System">
                            <param id="0" name="Variable">levels</param>
                            <param id="1" name="Comparison">0</param>
                            <param id="2" name="Value">31</param>
                        </condition>
                    </conditions>
                    <actions>
                        <action id="-9" name="Set value" sid="2522515773880624" type="System">
                            <param id="0" name="Variable">levels</param>
                            <param id="1" name="Value">32</param>
                        </action>
                        <action id="0" name="Set item" sid="5347546116893242" type="LocalStorage">
                            <param id="0" name="Key">&quot;level&quot;</param>
                            <param id="1" name="Value">levels</param>
                        </action>
                        <action id="-2" name="Go to layout" sid="2054464087537356" type="System">
                            <param id="0" name="Layout">menu</param>
                        </action>
                    </actions>
                </event-block>
                <event-block sid="7205967779087296">
                    <conditions>
                        <condition id="-22" name="Else" sid="2381307849037036" type="System" />
                    </conditions>
                    <actions>
                        <action id="-2" name="Go to layout" sid="7759128382336941" type="System">
                            <param id="0" name="Layout">menu</param>
                        </action>
                    </actions>
                </event-block>
            </sub-events>
        </event-block>
    </events>
</c2eventsheet>
