﻿<?xml version="1.0" encoding="utf-8" ?>
<c2eventsheet>
    <!--All the 'name' attributes are ignored by Construct 2 - they are there for readability only.-->
    <name>32</name>
    <events>
        <include>enemies</include>
        <include>player</include>
        <include>xdc_config</include>
        <event-block sid="2181759251330878">
            <conditions>
                <condition id="-2" name="On start of layout" sid="5040669887726984" type="System" />
            </conditions>
            <actions>
                <action id="-10" name="Set value" sid="4607412413307816" type="Player_base">
                    <param id="0" name="Instance variable">skills</param>
                    <param id="1" name="Value">1</param>
                </action>
            </actions>
        </event-block>
        <event-block sid="4359392154532568">
            <conditions>
                <condition id="0" name="On collision with another object" sid="5702839079854826" type="Player_base">
                    <param id="0" name="Object">finish</param>
                </condition>
            </conditions>
            <actions />
            <sub-events>
                <event-block sid="1646416037729028">
                    <conditions>
                        <condition id="-14" name="Compare variable" sid="7243166875648692" type="System">
                            <param id="0" name="Variable">levels</param>
                            <param id="1" name="Comparison">0</param>
                            <param id="2" name="Value">32</param>
                        </condition>
                    </conditions>
                    <actions>
                        <action id="-9" name="Set value" sid="8098438763418585" type="System">
                            <param id="0" name="Variable">levels</param>
                            <param id="1" name="Value">33</param>
                        </action>
                        <action id="0" name="Set item" sid="2572112178559398" type="LocalStorage">
                            <param id="0" name="Key">&quot;level&quot;</param>
                            <param id="1" name="Value">levels</param>
                        </action>
                        <action id="-2" name="Go to layout" sid="6352291846158866" type="System">
                            <param id="0" name="Layout">menu</param>
                        </action>
                    </actions>
                </event-block>
                <event-block sid="401098688545151">
                    <conditions>
                        <condition id="-22" name="Else" sid="8699768855329439" type="System" />
                    </conditions>
                    <actions>
                        <action id="-2" name="Go to layout" sid="3008149061440131" type="System">
                            <param id="0" name="Layout">menu</param>
                        </action>
                    </actions>
                </event-block>
            </sub-events>
        </event-block>
    </events>
</c2eventsheet>
