﻿<?xml version="1.0" encoding="utf-8" ?>
<c2eventsheet>
    <!--All the 'name' attributes are ignored by Construct 2 - they are there for readability only.-->
    <name>33</name>
    <events>
        <include>enemies</include>
        <include>player</include>
        <include>xdc_config</include>
        <event-block sid="2800421394933408">
            <conditions>
                <condition id="-2" name="On start of layout" sid="3978998363184787" type="System" />
            </conditions>
            <actions>
                <action id="-10" name="Set value" sid="4744404853693448" type="Player_base">
                    <param id="0" name="Instance variable">skills</param>
                    <param id="1" name="Value">1</param>
                </action>
            </actions>
        </event-block>
        <event-block sid="8395881404552535">
            <conditions>
                <condition id="0" name="On collision with another object" sid="7472045927323838" type="Player_base">
                    <param id="0" name="Object">finish</param>
                </condition>
            </conditions>
            <actions />
            <sub-events>
                <event-block sid="9006317411267426">
                    <conditions>
                        <condition id="-14" name="Compare variable" sid="3999954237742634" type="System">
                            <param id="0" name="Variable">levels</param>
                            <param id="1" name="Comparison">0</param>
                            <param id="2" name="Value">33</param>
                        </condition>
                    </conditions>
                    <actions>
                        <action id="-9" name="Set value" sid="7325827401840507" type="System">
                            <param id="0" name="Variable">levels</param>
                            <param id="1" name="Value">34</param>
                        </action>
                        <action id="0" name="Set item" sid="5315285055349543" type="LocalStorage">
                            <param id="0" name="Key">&quot;level&quot;</param>
                            <param id="1" name="Value">levels</param>
                        </action>
                        <action id="-2" name="Go to layout" sid="2208451599383726" type="System">
                            <param id="0" name="Layout">menu</param>
                        </action>
                    </actions>
                </event-block>
                <event-block sid="9384848167374301">
                    <conditions>
                        <condition id="-22" name="Else" sid="4698446798851939" type="System" />
                    </conditions>
                    <actions>
                        <action id="-2" name="Go to layout" sid="5925683297290789" type="System">
                            <param id="0" name="Layout">menu</param>
                        </action>
                    </actions>
                </event-block>
            </sub-events>
        </event-block>
    </events>
</c2eventsheet>
