﻿<?xml version="1.0" encoding="utf-8" ?>
<c2eventsheet>
    <!--All the 'name' attributes are ignored by Construct 2 - they are there for readability only.-->
    <name>34</name>
    <events>
        <include>enemies</include>
        <include>player</include>
        <include>xdc_config</include>
        <event-block sid="8363751762775214">
            <conditions>
                <condition id="-2" name="On start of layout" sid="6963910801158075" type="System" />
            </conditions>
            <actions>
                <action id="-10" name="Set value" sid="4393643777702604" type="Player_base">
                    <param id="0" name="Instance variable">skills</param>
                    <param id="1" name="Value">1</param>
                </action>
            </actions>
        </event-block>
        <event-block sid="161331259036493">
            <conditions>
                <condition id="0" name="On collision with another object" sid="2363178147065717" type="Player_base">
                    <param id="0" name="Object">finish</param>
                </condition>
            </conditions>
            <actions />
            <sub-events>
                <event-block sid="271577431357304">
                    <conditions>
                        <condition id="-14" name="Compare variable" sid="2655350955456616" type="System">
                            <param id="0" name="Variable">levels</param>
                            <param id="1" name="Comparison">0</param>
                            <param id="2" name="Value">34</param>
                        </condition>
                    </conditions>
                    <actions>
                        <action id="-9" name="Set value" sid="5500745112459086" type="System">
                            <param id="0" name="Variable">levels</param>
                            <param id="1" name="Value">35</param>
                        </action>
                        <action id="0" name="Set item" sid="7359177279859575" type="LocalStorage">
                            <param id="0" name="Key">&quot;level&quot;</param>
                            <param id="1" name="Value">levels</param>
                        </action>
                        <action id="-2" name="Go to layout" sid="7831158319314042" type="System">
                            <param id="0" name="Layout">menu</param>
                        </action>
                    </actions>
                </event-block>
                <event-block sid="7475357493443597">
                    <conditions>
                        <condition id="-22" name="Else" sid="3775692733393516" type="System" />
                    </conditions>
                    <actions>
                        <action id="-2" name="Go to layout" sid="4384921489806833" type="System">
                            <param id="0" name="Layout">menu</param>
                        </action>
                    </actions>
                </event-block>
            </sub-events>
        </event-block>
    </events>
</c2eventsheet>
