﻿<?xml version="1.0" encoding="utf-8" ?>
<c2eventsheet>
    <!--All the 'name' attributes are ignored by Construct 2 - they are there for readability only.-->
    <name>35</name>
    <events>
        <include>enemies</include>
        <include>player</include>
        <include>xdc_config</include>
        <event-block sid="7712995121534977">
            <conditions>
                <condition id="-2" name="On start of layout" sid="8130302934187448" type="System" />
            </conditions>
            <actions>
                <action id="-10" name="Set value" sid="615213117726117" type="Player_base">
                    <param id="0" name="Instance variable">skills</param>
                    <param id="1" name="Value">1</param>
                </action>
            </actions>
        </event-block>
        <event-block sid="7844606514934843">
            <conditions>
                <condition id="0" name="On collision with another object" sid="6594024566558796" type="Player_base">
                    <param id="0" name="Object">finish</param>
                </condition>
            </conditions>
            <actions />
            <sub-events>
                <event-block sid="403563578114925">
                    <conditions>
                        <condition id="-14" name="Compare variable" sid="1457841964727384" type="System">
                            <param id="0" name="Variable">levels</param>
                            <param id="1" name="Comparison">0</param>
                            <param id="2" name="Value">35</param>
                        </condition>
                    </conditions>
                    <actions>
                        <action id="-9" name="Set value" sid="9236402510108589" type="System">
                            <param id="0" name="Variable">levels</param>
                            <param id="1" name="Value">36</param>
                        </action>
                        <action id="0" name="Set item" sid="7468480968990919" type="LocalStorage">
                            <param id="0" name="Key">&quot;level&quot;</param>
                            <param id="1" name="Value">levels</param>
                        </action>
                        <action id="-2" name="Go to layout" sid="5528819444425709" type="System">
                            <param id="0" name="Layout">menu</param>
                        </action>
                    </actions>
                </event-block>
                <event-block sid="2688010386298575">
                    <conditions>
                        <condition id="-22" name="Else" sid="3698519280942918" type="System" />
                    </conditions>
                    <actions>
                        <action id="-2" name="Go to layout" sid="2765287568902977" type="System">
                            <param id="0" name="Layout">menu</param>
                        </action>
                    </actions>
                </event-block>
            </sub-events>
        </event-block>
    </events>
</c2eventsheet>
