﻿<?xml version="1.0" encoding="utf-8" ?>
<c2eventsheet>
    <!--All the 'name' attributes are ignored by Construct 2 - they are there for readability only.-->
    <name>36</name>
    <events>
        <include>enemies</include>
        <include>player</include>
        <include>xdc_config</include>
        <event-block sid="880547970188685">
            <conditions>
                <condition id="-2" name="On start of layout" sid="4101726634915622" type="System" />
            </conditions>
            <actions>
                <action id="-10" name="Set value" sid="4029231322240988" type="Player_base">
                    <param id="0" name="Instance variable">skills</param>
                    <param id="1" name="Value">1</param>
                </action>
            </actions>
        </event-block>
        <event-block sid="6063627138008505">
            <conditions>
                <condition id="0" name="On collision with another object" sid="8822467628614586" type="Player_base">
                    <param id="0" name="Object">finish</param>
                </condition>
            </conditions>
            <actions />
            <sub-events>
                <event-block sid="2517292087802007">
                    <conditions>
                        <condition id="-14" name="Compare variable" sid="4878072525255509" type="System">
                            <param id="0" name="Variable">levels</param>
                            <param id="1" name="Comparison">0</param>
                            <param id="2" name="Value">36</param>
                        </condition>
                    </conditions>
                    <actions>
                        <action id="-9" name="Set value" sid="7926052546877136" type="System">
                            <param id="0" name="Variable">levels</param>
                            <param id="1" name="Value">37</param>
                        </action>
                        <action id="0" name="Set item" sid="6884215062712804" type="LocalStorage">
                            <param id="0" name="Key">&quot;level&quot;</param>
                            <param id="1" name="Value">levels</param>
                        </action>
                        <action id="-2" name="Go to layout" sid="1490936614237875" type="System">
                            <param id="0" name="Layout">menu</param>
                        </action>
                    </actions>
                </event-block>
                <event-block sid="1169950154315433">
                    <conditions>
                        <condition id="-22" name="Else" sid="3766369374075099" type="System" />
                    </conditions>
                    <actions>
                        <action id="-2" name="Go to layout" sid="8756147404074441" type="System">
                            <param id="0" name="Layout">menu</param>
                        </action>
                    </actions>
                </event-block>
            </sub-events>
        </event-block>
    </events>
</c2eventsheet>
