﻿<?xml version="1.0" encoding="utf-8" ?>
<c2eventsheet>
    <!--All the 'name' attributes are ignored by Construct 2 - they are there for readability only.-->
    <name>4</name>
    <events>
        <include>player</include>
        <include>xdc_config</include>
        <event-block sid="8752338822865829">
            <conditions>
                <condition id="-2" name="On start of layout" sid="1202968064192612" type="System" />
            </conditions>
            <actions>
                <action id="-10" name="Set value" sid="1644311856101108" type="Player_base">
                    <param id="0" name="Instance variable">skills</param>
                    <param id="1" name="Value">1</param>
                </action>
            </actions>
        </event-block>
        <event-block sid="4717671302402414">
            <conditions>
                <condition id="0" name="On collision with another object" sid="8743922998657858" type="Player_base">
                    <param id="0" name="Object">finish</param>
                </condition>
            </conditions>
            <actions />
            <sub-events>
                <event-block sid="5377490434925437">
                    <conditions>
                        <condition id="-14" name="Compare variable" sid="9206634828991096" type="System">
                            <param id="0" name="Variable">levels</param>
                            <param id="1" name="Comparison">0</param>
                            <param id="2" name="Value">4</param>
                        </condition>
                    </conditions>
                    <actions>
                        <action id="-9" name="Set value" sid="3439300712371266" type="System">
                            <param id="0" name="Variable">levels</param>
                            <param id="1" name="Value">5</param>
                        </action>
                        <action id="0" name="Set item" sid="5344703687585918" type="LocalStorage">
                            <param id="0" name="Key">&quot;level&quot;</param>
                            <param id="1" name="Value">levels</param>
                        </action>
                        <action id="-2" name="Go to layout" sid="4895178647689659" type="System">
                            <param id="0" name="Layout">menu</param>
                        </action>
                    </actions>
                </event-block>
                <event-block sid="1043798190599315">
                    <conditions>
                        <condition id="-22" name="Else" sid="5908305727759163" type="System" />
                    </conditions>
                    <actions>
                        <action id="-2" name="Go to layout" sid="4289587797521418" type="System">
                            <param id="0" name="Layout">menu</param>
                        </action>
                    </actions>
                </event-block>
            </sub-events>
        </event-block>
    </events>
</c2eventsheet>
