﻿<?xml version="1.0" encoding="utf-8" ?>
<c2eventsheet>
    <!--All the 'name' attributes are ignored by Construct 2 - they are there for readability only.-->
    <name>5</name>
    <events>
        <include>enemies</include>
        <include>player</include>
        <include>xdc_config</include>
        <event-block sid="1328725477702835">
            <conditions>
                <condition id="-2" name="On start of layout" sid="2538713502264599" type="System" />
            </conditions>
            <actions>
                <action id="-10" name="Set value" sid="5400883355644466" type="Player_base">
                    <param id="0" name="Instance variable">skills</param>
                    <param id="1" name="Value">1</param>
                </action>
            </actions>
        </event-block>
        <event-block sid="3690800097456414">
            <conditions>
                <condition id="0" name="On collision with another object" sid="6317999028107638" type="Player_base">
                    <param id="0" name="Object">finish</param>
                </condition>
            </conditions>
            <actions />
            <sub-events>
                <event-block sid="2952575608323863">
                    <conditions>
                        <condition id="-14" name="Compare variable" sid="5517417094350339" type="System">
                            <param id="0" name="Variable">levels</param>
                            <param id="1" name="Comparison">0</param>
                            <param id="2" name="Value">5</param>
                        </condition>
                    </conditions>
                    <actions>
                        <action id="-9" name="Set value" sid="6572295274481769" type="System">
                            <param id="0" name="Variable">levels</param>
                            <param id="1" name="Value">6</param>
                        </action>
                        <action id="0" name="Set item" sid="4528375082701185" type="LocalStorage">
                            <param id="0" name="Key">&quot;level&quot;</param>
                            <param id="1" name="Value">levels</param>
                        </action>
                        <action id="-2" name="Go to layout" sid="4986928907247712" type="System">
                            <param id="0" name="Layout">menu</param>
                        </action>
                    </actions>
                </event-block>
                <event-block sid="2052297710529846">
                    <conditions>
                        <condition id="-22" name="Else" sid="1792710332056737" type="System" />
                    </conditions>
                    <actions>
                        <action id="-2" name="Go to layout" sid="6221447124071046" type="System">
                            <param id="0" name="Layout">menu</param>
                        </action>
                    </actions>
                </event-block>
            </sub-events>
        </event-block>
    </events>
</c2eventsheet>
