﻿<?xml version="1.0" encoding="utf-8" ?>
<c2eventsheet>
    <!--All the 'name' attributes are ignored by Construct 2 - they are there for readability only.-->
    <name>6</name>
    <events>
        <include>enemies</include>
        <include>player</include>
        <include>xdc_config</include>
        <event-block sid="9478463752259919">
            <conditions>
                <condition id="-2" name="On start of layout" sid="3722818926511718" type="System" />
            </conditions>
            <actions>
                <action id="-10" name="Set value" sid="7581607554910052" type="Player_base">
                    <param id="0" name="Instance variable">skills</param>
                    <param id="1" name="Value">1</param>
                </action>
            </actions>
        </event-block>
        <event-block sid="6191622946435656">
            <conditions>
                <condition id="0" name="On collision with another object" sid="9960083117328215" type="Player_base">
                    <param id="0" name="Object">finish</param>
                </condition>
            </conditions>
            <actions />
            <sub-events>
                <event-block sid="9664624994641096">
                    <conditions>
                        <condition id="-14" name="Compare variable" sid="5979670072242608" type="System">
                            <param id="0" name="Variable">levels</param>
                            <param id="1" name="Comparison">0</param>
                            <param id="2" name="Value">6</param>
                        </condition>
                    </conditions>
                    <actions>
                        <action id="-9" name="Set value" sid="8928916206111668" type="System">
                            <param id="0" name="Variable">levels</param>
                            <param id="1" name="Value">7</param>
                        </action>
                        <action id="0" name="Set item" sid="7055799677720721" type="LocalStorage">
                            <param id="0" name="Key">&quot;level&quot;</param>
                            <param id="1" name="Value">levels</param>
                        </action>
                        <action id="-2" name="Go to layout" sid="2894254627633495" type="System">
                            <param id="0" name="Layout">menu</param>
                        </action>
                    </actions>
                </event-block>
                <event-block sid="7741847360880335">
                    <conditions>
                        <condition id="-22" name="Else" sid="4973441705854121" type="System" />
                    </conditions>
                    <actions>
                        <action id="-2" name="Go to layout" sid="2194636154615012" type="System">
                            <param id="0" name="Layout">menu</param>
                        </action>
                    </actions>
                </event-block>
            </sub-events>
        </event-block>
    </events>
</c2eventsheet>
