﻿<?xml version="1.0" encoding="utf-8" ?>
<c2eventsheet>
    <!--All the 'name' attributes are ignored by Construct 2 - they are there for readability only.-->
    <name>7</name>
    <events>
        <include>enemies</include>
        <include>player</include>
        <include>xdc_config</include>
        <event-block sid="6398276487829802">
            <conditions>
                <condition id="-2" name="On start of layout" sid="8309114583748337" type="System" />
            </conditions>
            <actions>
                <action id="-10" name="Set value" sid="1417687590452607" type="Player_base">
                    <param id="0" name="Instance variable">skills</param>
                    <param id="1" name="Value">1</param>
                </action>
            </actions>
        </event-block>
        <event-block sid="2265371113368254">
            <conditions>
                <condition id="0" name="On collision with another object" sid="2118703634456174" type="Player_base">
                    <param id="0" name="Object">finish</param>
                </condition>
            </conditions>
            <actions />
            <sub-events>
                <event-block sid="6470994049262301">
                    <conditions>
                        <condition id="-14" name="Compare variable" sid="7017811921592477" type="System">
                            <param id="0" name="Variable">levels</param>
                            <param id="1" name="Comparison">0</param>
                            <param id="2" name="Value">7</param>
                        </condition>
                    </conditions>
                    <actions>
                        <action id="-9" name="Set value" sid="4430378318809829" type="System">
                            <param id="0" name="Variable">levels</param>
                            <param id="1" name="Value">8</param>
                        </action>
                        <action id="0" name="Set item" sid="4126076044213088" type="LocalStorage">
                            <param id="0" name="Key">&quot;level&quot;</param>
                            <param id="1" name="Value">levels</param>
                        </action>
                        <action id="-2" name="Go to layout" sid="1649544942146392" type="System">
                            <param id="0" name="Layout">menu</param>
                        </action>
                    </actions>
                </event-block>
                <event-block sid="9969397180872582">
                    <conditions>
                        <condition id="-22" name="Else" sid="7356907270093754" type="System" />
                    </conditions>
                    <actions>
                        <action id="-2" name="Go to layout" sid="1243565670662704" type="System">
                            <param id="0" name="Layout">menu</param>
                        </action>
                    </actions>
                </event-block>
            </sub-events>
        </event-block>
    </events>
</c2eventsheet>
