﻿<?xml version="1.0" encoding="utf-8" ?>
<c2eventsheet>
    <!--All the 'name' attributes are ignored by Construct 2 - they are there for readability only.-->
    <name>8</name>
    <events>
        <include>enemies</include>
        <include>player</include>
        <include>xdc_config</include>
        <event-block sid="5192541501736958">
            <conditions>
                <condition id="-2" name="On start of layout" sid="6976299938097079" type="System" />
            </conditions>
            <actions>
                <action id="-10" name="Set value" sid="1333825868302993" type="Player_base">
                    <param id="0" name="Instance variable">skills</param>
                    <param id="1" name="Value">1</param>
                </action>
            </actions>
        </event-block>
        <event-block sid="9777469025193159">
            <conditions>
                <condition id="0" name="On collision with another object" sid="7944839896277509" type="Player_base">
                    <param id="0" name="Object">finish</param>
                </condition>
            </conditions>
            <actions />
            <sub-events>
                <event-block sid="9915192058093894">
                    <conditions>
                        <condition id="-14" name="Compare variable" sid="7342576335666779" type="System">
                            <param id="0" name="Variable">levels</param>
                            <param id="1" name="Comparison">0</param>
                            <param id="2" name="Value">8</param>
                        </condition>
                    </conditions>
                    <actions>
                        <action id="-9" name="Set value" sid="326512784250548" type="System">
                            <param id="0" name="Variable">levels</param>
                            <param id="1" name="Value">9</param>
                        </action>
                        <action id="0" name="Set item" sid="4719668453614434" type="LocalStorage">
                            <param id="0" name="Key">&quot;level&quot;</param>
                            <param id="1" name="Value">levels</param>
                        </action>
                        <action id="-2" name="Go to layout" sid="3032137842121481" type="System">
                            <param id="0" name="Layout">menu</param>
                        </action>
                    </actions>
                </event-block>
                <event-block sid="1089475790237814">
                    <conditions>
                        <condition id="-22" name="Else" sid="6981386210868013" type="System" />
                    </conditions>
                    <actions>
                        <action id="-2" name="Go to layout" sid="3937786748639872" type="System">
                            <param id="0" name="Layout">menu</param>
                        </action>
                    </actions>
                </event-block>
            </sub-events>
        </event-block>
    </events>
</c2eventsheet>
