﻿<?xml version="1.0" encoding="utf-8" ?>
<c2eventsheet>
    <!--All the 'name' attributes are ignored by Construct 2 - they are there for readability only.-->
    <name>9</name>
    <events>
        <include>enemies</include>
        <include>player</include>
        <include>xdc_config</include>
        <event-block sid="3328067018656019">
            <conditions>
                <condition id="-2" name="On start of layout" sid="6474481415121855" type="System" />
            </conditions>
            <actions>
                <action id="-10" name="Set value" sid="665788179790173" type="Player_base">
                    <param id="0" name="Instance variable">skills</param>
                    <param id="1" name="Value">1</param>
                </action>
            </actions>
        </event-block>
        <event-block sid="2891799454300486">
            <conditions>
                <condition id="0" name="On collision with another object" sid="6402288592615655" type="Player_base">
                    <param id="0" name="Object">finish</param>
                </condition>
            </conditions>
            <actions />
            <sub-events>
                <event-block sid="8153009938443999">
                    <conditions>
                        <condition id="-14" name="Compare variable" sid="7417970213573518" type="System">
                            <param id="0" name="Variable">levels</param>
                            <param id="1" name="Comparison">0</param>
                            <param id="2" name="Value">9</param>
                        </condition>
                    </conditions>
                    <actions>
                        <action id="-9" name="Set value" sid="8149490761015212" type="System">
                            <param id="0" name="Variable">levels</param>
                            <param id="1" name="Value">10</param>
                        </action>
                        <action id="0" name="Set item" sid="2722102407253024" type="LocalStorage">
                            <param id="0" name="Key">&quot;level&quot;</param>
                            <param id="1" name="Value">levels</param>
                        </action>
                        <action id="-2" name="Go to layout" sid="3976447318803795" type="System">
                            <param id="0" name="Layout">menu</param>
                        </action>
                    </actions>
                </event-block>
                <event-block sid="698924854355255">
                    <conditions>
                        <condition id="-22" name="Else" sid="6046046679220111" type="System" />
                    </conditions>
                    <actions>
                        <action id="-2" name="Go to layout" sid="2426201061831844" type="System">
                            <param id="0" name="Layout">menu</param>
                        </action>
                    </actions>
                </event-block>
            </sub-events>
        </event-block>
    </events>
</c2eventsheet>
