﻿<?xml version="1.0" encoding="utf-8" ?>
<c2eventsheet>
    <!--All the 'name' attributes are ignored by Construct 2 - they are there for readability only.-->
    <name>enemies</name>
    <events>
        <event-block sid="5289483526212473">
            <conditions>
                <condition id="-8" inverted="1" name="Is boolean instance variable set" sid="5413677818165075" type="ghost1">
                    <param id="0" name="Instance variable">side</param>
                </condition>
            </conditions>
            <actions>
                <action behavior="Bullet" id="3" name="Set angle of motion" sid="364201679960149" type="ghost1">
                    <param id="0" name="Angle">0</param>
                </action>
                <action id="7" name="Set mirrored" sid="3156463883017514" type="ghost1">
                    <param id="0" name="State">1</param>
                </action>
            </actions>
        </event-block>
        <event-block sid="6382620683325184">
            <conditions>
                <condition id="-8" name="Is boolean instance variable set" sid="1295886838191128" type="ghost1">
                    <param id="0" name="Instance variable">side</param>
                </condition>
            </conditions>
            <actions>
                <action behavior="Bullet" id="3" name="Set angle of motion" sid="8162408055052712" type="ghost1">
                    <param id="0" name="Angle">180</param>
                </action>
                <action id="7" name="Set mirrored" sid="1659995655882883" type="ghost1">
                    <param id="0" name="State">0</param>
                </action>
            </actions>
        </event-block>
        <event-block sid="442445165182693">
            <conditions>
                <condition behavior="Bullet" id="1" name="Compare distance travelled" sid="3601856890556684" type="ghost1">
                    <param id="0" name="Comparison">5</param>
                    <param id="1" name="Distance">252</param>
                </condition>
            </conditions>
            <actions>
                <action id="-14" name="Toggle boolean" sid="5324737692073677" type="ghost1">
                    <param id="0" name="Instance variable">side</param>
                </action>
                <action behavior="Bullet" id="6" name="Set distance travelled" sid="4035200590553253" type="ghost1">
                    <param id="0" name="Distance">0</param>
                </action>
            </actions>
        </event-block>
        <event-block sid="9810438471167686">
            <conditions>
                <condition id="-8" inverted="1" name="Is boolean instance variable set" sid="4233447027309984" type="ghost2">
                    <param id="0" name="Instance variable">side</param>
                </condition>
            </conditions>
            <actions>
                <action behavior="Bullet" id="3" name="Set angle of motion" sid="9578464200730783" type="ghost2">
                    <param id="0" name="Angle">90</param>
                </action>
            </actions>
        </event-block>
        <event-block sid="140039482711247">
            <conditions>
                <condition id="-8" name="Is boolean instance variable set" sid="907827883907895" type="ghost2">
                    <param id="0" name="Instance variable">side</param>
                </condition>
            </conditions>
            <actions>
                <action behavior="Bullet" id="3" name="Set angle of motion" sid="6696441841019209" type="ghost2">
                    <param id="0" name="Angle">270</param>
                </action>
            </actions>
        </event-block>
        <event-block sid="7185218448204513">
            <conditions>
                <condition behavior="Bullet" id="1" name="Compare distance travelled" sid="5221039837780715" type="ghost2">
                    <param id="0" name="Comparison">5</param>
                    <param id="1" name="Distance">252</param>
                </condition>
            </conditions>
            <actions>
                <action id="-14" name="Toggle boolean" sid="9066183572115086" type="ghost2">
                    <param id="0" name="Instance variable">side</param>
                </action>
                <action behavior="Bullet" id="6" name="Set distance travelled" sid="7863582254471142" type="ghost2">
                    <param id="0" name="Distance">0</param>
                </action>
            </actions>
        </event-block>
    </events>
</c2eventsheet>
