﻿<?xml version="1.0" encoding="utf-8" ?>
<c2eventsheet>
    <!--All the 'name' attributes are ignored by Construct 2 - they are there for readability only.-->
    <name>main_menu</name>
    <events>
        <event-block sid="6507590247201715">
            <conditions>
                <condition id="-2" name="On start of layout" sid="4190304484523382" type="System" />
            </conditions>
            <actions>
                <action id="5" name="Check item exists" sid="2370063429822944" type="LocalStorage">
                    <param id="0" name="Key">&quot;level&quot;</param>
                </action>
            </actions>
        </event-block>
        <event-block sid="8683437375305203">
            <conditions>
                <condition id="4" name="Is touching object" sid="4553599921650607" type="Touch">
                    <param id="0" name="Object">play</param>
                </condition>
            </conditions>
            <actions />
            <sub-events>
                <event-block sid="719908585981217">
                    <conditions>
                        <condition id="1" name="On any touch end" sid="6990393615614331" type="Touch" />
                    </conditions>
                    <actions>
                        <action id="-2" name="Go to layout" sid="7735622520285034" type="System">
                            <param id="0" name="Layout">menu</param>
                        </action>
                    </actions>
                </event-block>
            </sub-events>
        </event-block>
        <event-block sid="174771765053432">
            <conditions>
                <condition id="4" name="Is touching object" sid="500194607717604" type="Touch">
                    <param id="0" name="Object">other_games</param>
                </condition>
            </conditions>
            <actions />
            <sub-events>
                <event-block sid="546839090769772">
                    <conditions>
                        <condition id="1" name="On any touch end" sid="2725723763275657" type="Touch" />
                    </conditions>
                    <actions>
                        <action id="7" name="Go to URL" sid="9727772990253526" type="Browser">
                            <param id="0" name="URL">&quot;https://play.google.com/store/apps/developer?id=Vladimir+Karzanov&quot;</param>
                            <param id="1" name="Target">0</param>
                        </action>
                    </actions>
                </event-block>
            </sub-events>
        </event-block>
        <event-block sid="580185072791887">
            <conditions>
                <condition id="4" name="Is touching object" sid="9130284289199343" type="Touch">
                    <param id="0" name="Object">twitter</param>
                </condition>
            </conditions>
            <actions />
            <sub-events>
                <event-block sid="9988557247074578">
                    <conditions>
                        <condition id="1" name="On any touch end" sid="8328841968323406" type="Touch" />
                    </conditions>
                    <actions>
                        <action id="1" name="Post to Twitter" sid="7864955185688996" type="SocialPost">
                            <param id="0" name="Text">&quot;Test your skills in Square Ninja!&quot;</param>
                            <param id="1" name="Link Url">&quot;https://play.google.com/store/apps/details?id=com.harvester.ninja1&quot;</param>
                            <param id="2" name="Hashtags">&quot;#square_ninja, #harvester_game_studios&quot;</param>
                            <param id="3" name="Via">&quot;&quot;</param>
                            <param id="4" name="Related">&quot;&quot;</param>
                        </action>
                    </actions>
                </event-block>
            </sub-events>
        </event-block>
        <event-block sid="1925404057068472">
            <conditions>
                <condition id="9" name="On item exists" sid="265297643371555" type="LocalStorage">
                    <param id="0" name="Key">&quot;level&quot;</param>
                </condition>
            </conditions>
            <actions>
                <action id="1" name="Get item" sid="1485730379005115" type="LocalStorage">
                    <param id="0" name="Key">&quot;level&quot;</param>
                </action>
            </actions>
        </event-block>
        <event-block sid="6414343297648559">
            <conditions>
                <condition id="1" name="On item get" sid="7540468111393491" type="LocalStorage">
                    <param id="0" name="Key">&quot;level&quot;</param>
                </condition>
            </conditions>
            <actions>
                <action id="-9" name="Set value" sid="5026422642102428" type="System">
                    <param id="0" name="Variable">levels</param>
                    <param id="1" name="Value">LocalStorage.ItemValue</param>
                </action>
            </actions>
        </event-block>
        <event-block sid="4649562477255121">
            <conditions>
                <condition id="10" name="On item missing" sid="5147439265630352" type="LocalStorage">
                    <param id="0" name="Key">&quot;level&quot;</param>
                </condition>
            </conditions>
            <actions>
                <action id="-9" name="Set value" sid="9531225922231402" type="System">
                    <param id="0" name="Variable">levels</param>
                    <param id="1" name="Value">1</param>
                </action>
            </actions>
        </event-block>
        <event-block sid="943411408834152">
            <conditions>
                <condition id="4" name="Is touching object" sid="3734028267289791" type="Touch">
                    <param id="0" name="Object">buttons</param>
                </condition>
            </conditions>
            <actions>
                <action id="-16" name="Set opacity" sid="3051884946254261" type="buttons">
                    <param id="0" name="Opacity">60</param>
                </action>
            </actions>
        </event-block>
        <event-block sid="3023586913630773">
            <conditions>
                <condition id="4" inverted="1" name="Is touching object" sid="808421045778344" type="Touch">
                    <param id="0" name="Object">buttons</param>
                </condition>
            </conditions>
            <actions>
                <action id="-16" name="Set opacity" sid="1844788038713488" type="buttons">
                    <param id="0" name="Opacity">100</param>
                </action>
            </actions>
        </event-block>
    </events>
</c2eventsheet>
