﻿<?xml version="1.0" encoding="utf-8" ?>
<c2eventsheet>
    <!--All the 'name' attributes are ignored by Construct 2 - they are there for readability only.-->
    <name>menu</name>
    <events>
        <variable constant="0" name="reklama" sid="5767179039652479" static="0" type="number">0</variable>
        <event-block sid="9357696918783337">
            <conditions>
                <condition id="-7" name="Compare instance variable" sid="6505570023959577" type="button">
                    <param id="0" name="Instance variable">level_select</param>
                    <param id="1" name="Comparison">4</param>
                    <param id="2" name="Value">levels</param>
                </condition>
            </conditions>
            <actions>
                <action id="-10" name="Set value" sid="9862133282711891" type="button">
                    <param id="0" name="Instance variable">allow</param>
                    <param id="1" name="Value">0</param>
                </action>
            </actions>
        </event-block>
        <event-block sid="6111158489484675">
            <conditions>
                <condition id="-7" name="Compare instance variable" sid="6566316050052074" type="button">
                    <param id="0" name="Instance variable">level_select</param>
                    <param id="1" name="Comparison">3</param>
                    <param id="2" name="Value">levels</param>
                </condition>
            </conditions>
            <actions>
                <action id="-10" name="Set value" sid="4610072110105725" type="button">
                    <param id="0" name="Instance variable">allow</param>
                    <param id="1" name="Value">1</param>
                </action>
            </actions>
        </event-block>
        <event-block sid="316434391938313">
            <conditions>
                <condition id="4" name="Is touching object" sid="6890829407976178" type="Touch">
                    <param id="0" name="Object">button</param>
                </condition>
            </conditions>
            <actions />
            <sub-events>
                <event-block sid="844815042380123">
                    <conditions>
                        <condition id="-7" name="Compare instance variable" sid="1914685174333278" type="button">
                            <param id="0" name="Instance variable">allow</param>
                            <param id="1" name="Comparison">0</param>
                            <param id="2" name="Value">1</param>
                        </condition>
                    </conditions>
                    <actions />
                    <sub-events>
                        <event-block sid="570983464012902">
                            <conditions>
                                <condition id="1" name="On any touch end" sid="5632245185814138" type="Touch" />
                            </conditions>
                            <actions />
                            <sub-events>
                                <event-block sid="7099917525411135">
                                    <conditions>
                                        <condition id="-4" name="Trigger once while true" sid="6995536603244502" type="System" />
                                    </conditions>
                                    <actions>
                                        <action id="-25" name="Go to layout (by name)" sid="6881172858547166" type="System">
                                            <param id="0" name="Layout">&quot;&quot; &amp; button.level_select</param>
                                        </action>
                                    </actions>
                                </event-block>
                            </sub-events>
                        </event-block>
                    </sub-events>
                </event-block>
            </sub-events>
        </event-block>
        <event-block sid="8946206475949314">
            <conditions>
                <condition id="0" name="On collision with another object" sid="4415234498264359" type="number">
                    <param id="0" name="Object">button</param>
                </condition>
            </conditions>
            <actions />
            <sub-events>
                <event-block sid="4989823518999813">
                    <conditions>
                        <condition id="-7" name="Compare instance variable" sid="6491511930751089" type="button">
                            <param id="0" name="Instance variable">allow</param>
                            <param id="1" name="Comparison">0</param>
                            <param id="2" name="Value">1</param>
                        </condition>
                    </conditions>
                    <actions />
                    <sub-events>
                        <event-block sid="9134304326260328">
                            <conditions>
                                <condition id="-4" name="Trigger once while true" sid="333992146316151" type="System" />
                            </conditions>
                            <actions>
                                <action id="5" name="Set frame" sid="2638889449467692" type="number">
                                    <param id="0" name="Frame number">button.level_select</param>
                                </action>
                            </actions>
                        </event-block>
                    </sub-events>
                </event-block>
            </sub-events>
        </event-block>
        <event-block sid="723389522596028">
            <conditions>
                <condition id="0" name="On collision with another object" sid="2512399512858032" type="number">
                    <param id="0" name="Object">button</param>
                </condition>
            </conditions>
            <actions />
            <sub-events>
                <event-block sid="2349670585789393">
                    <conditions>
                        <condition id="-7" name="Compare instance variable" sid="2807592671798985" type="button">
                            <param id="0" name="Instance variable">allow</param>
                            <param id="1" name="Comparison">0</param>
                            <param id="2" name="Value">0</param>
                        </condition>
                    </conditions>
                    <actions />
                    <sub-events>
                        <event-block sid="8681892946845926">
                            <conditions>
                                <condition id="-4" name="Trigger once while true" sid="7911072854718901" type="System" />
                            </conditions>
                            <actions>
                                <action id="5" name="Set frame" sid="5655083056382939" type="number">
                                    <param id="0" name="Frame number">0</param>
                                </action>
                            </actions>
                        </event-block>
                    </sub-events>
                </event-block>
            </sub-events>
        </event-block>
        <event-block sid="9004119348856419">
            <conditions>
                <condition id="-2" name="On start of layout" sid="3124721325449209" type="System" />
            </conditions>
            <actions />
            <sub-events>
                <event-block sid="6715625225338538">
                    <conditions>
                        <condition id="-14" name="Compare variable" sid="2150901616902618" type="System">
                            <param id="0" name="Variable">levels</param>
                            <param id="1" name="Comparison">4</param>
                            <param id="2" name="Value">24</param>
                        </condition>
                    </conditions>
                    <actions>
                        <action id="-10" name="Set value" sid="562516309748938" type="button">
                            <param id="0" name="Instance variable">group</param>
                            <param id="1" name="Value">2</param>
                        </action>
                        <action id="-11" name="Add to" sid="7389155051132077" type="button">
                            <param id="0" name="Instance variable">level_select</param>
                            <param id="1" name="Value">24</param>
                        </action>
                    </actions>
                </event-block>
                <event-block sid="5887872912482767">
                    <conditions>
                        <condition id="-14" name="Compare variable" sid="3046066647225276" type="System">
                            <param id="0" name="Variable">levels</param>
                            <param id="1" name="Comparison">4</param>
                            <param id="2" name="Value">12</param>
                        </condition>
                    </conditions>
                    <actions />
                    <sub-events>
                        <event-block sid="9048702387132431">
                            <conditions>
                                <condition id="-14" name="Compare variable" sid="4079830066772424" type="System">
                                    <param id="0" name="Variable">levels</param>
                                    <param id="1" name="Comparison">3</param>
                                    <param id="2" name="Value">24</param>
                                </condition>
                            </conditions>
                            <actions>
                                <action id="-10" name="Set value" sid="1817924810501546" type="button">
                                    <param id="0" name="Instance variable">group</param>
                                    <param id="1" name="Value">1</param>
                                </action>
                                <action id="-11" name="Add to" sid="5695898863348453" type="button">
                                    <param id="0" name="Instance variable">level_select</param>
                                    <param id="1" name="Value">12</param>
                                </action>
                            </actions>
                        </event-block>
                    </sub-events>
                </event-block>
            </sub-events>
        </event-block>
        <event-block sid="715309628340515">
            <conditions>
                <condition id="4" name="Is touching object" sid="211302333760424" type="Touch">
                    <param id="0" name="Object">arrow_left</param>
                </condition>
            </conditions>
            <actions />
            <sub-events>
                <event-block sid="5716279950669322">
                    <conditions>
                        <condition id="1" name="On any touch end" sid="4561028244904634" type="Touch" />
                    </conditions>
                    <actions />
                    <sub-events>
                        <event-block sid="2465783687625208">
                            <conditions>
                                <condition id="-7" name="Compare instance variable" sid="1164469951302286" type="button">
                                    <param id="0" name="Instance variable">group</param>
                                    <param id="1" name="Comparison">4</param>
                                    <param id="2" name="Value">0</param>
                                </condition>
                            </conditions>
                            <actions>
                                <action id="-12" name="Subtract from" sid="8136205403018941" type="button">
                                    <param id="0" name="Instance variable">group</param>
                                    <param id="1" name="Value">1</param>
                                </action>
                                <action id="-12" name="Subtract from" sid="3288092420262503" type="button">
                                    <param id="0" name="Instance variable">level_select</param>
                                    <param id="1" name="Value">12</param>
                                </action>
                                <action id="11" name="Set collisions enabled" sid="8231921809254478" type="button">
                                    <param id="0" name="Collisions">0</param>
                                </action>
                                <action id="11" name="Set collisions enabled" sid="7282224344152591" type="number">
                                    <param id="0" name="Collisions">0</param>
                                </action>
                                <action id="-16" name="Wait" sid="3896483559776163" type="System">
                                    <param id="0" name="Seconds">0.2</param>
                                </action>
                                <action id="11" name="Set collisions enabled" sid="6176384674145874" type="button">
                                    <param id="0" name="Collisions">1</param>
                                </action>
                                <action id="11" name="Set collisions enabled" sid="526577135654158" type="number">
                                    <param id="0" name="Collisions">1</param>
                                </action>
                            </actions>
                        </event-block>
                    </sub-events>
                </event-block>
            </sub-events>
        </event-block>
        <event-block sid="2802976300607868">
            <conditions>
                <condition id="4" name="Is touching object" sid="7047955172218592" type="Touch">
                    <param id="0" name="Object">arrow_right</param>
                </condition>
            </conditions>
            <actions />
            <sub-events>
                <event-block sid="6079923833530353">
                    <conditions>
                        <condition id="1" name="On any touch end" sid="8514697614291589" type="Touch" />
                    </conditions>
                    <actions />
                    <sub-events>
                        <event-block sid="1400066432767775">
                            <conditions>
                                <condition id="-7" name="Compare instance variable" sid="230901225230686" type="button">
                                    <param id="0" name="Instance variable">group</param>
                                    <param id="1" name="Comparison">2</param>
                                    <param id="2" name="Value">2</param>
                                </condition>
                            </conditions>
                            <actions>
                                <action id="-11" name="Add to" sid="7845261697040252" type="button">
                                    <param id="0" name="Instance variable">group</param>
                                    <param id="1" name="Value">1</param>
                                </action>
                                <action id="-11" name="Add to" sid="7844309377529829" type="button">
                                    <param id="0" name="Instance variable">level_select</param>
                                    <param id="1" name="Value">12</param>
                                </action>
                                <action id="11" name="Set collisions enabled" sid="9526474946362917" type="number">
                                    <param id="0" name="Collisions">0</param>
                                </action>
                                <action id="11" name="Set collisions enabled" sid="4812513237606249" type="button">
                                    <param id="0" name="Collisions">0</param>
                                </action>
                                <action id="-16" name="Wait" sid="4605791366722895" type="System">
                                    <param id="0" name="Seconds">0.2</param>
                                </action>
                                <action id="11" name="Set collisions enabled" sid="1766151585934929" type="button">
                                    <param id="0" name="Collisions">1</param>
                                </action>
                                <action id="11" name="Set collisions enabled" sid="1711134468619991" type="number">
                                    <param id="0" name="Collisions">1</param>
                                </action>
                            </actions>
                        </event-block>
                    </sub-events>
                </event-block>
            </sub-events>
        </event-block>
        <event-block sid="8548181595337492">
            <conditions>
                <condition id="4" name="Is touching object" sid="8082194360177342" type="Touch">
                    <param id="0" name="Object">buttons</param>
                </condition>
            </conditions>
            <actions>
                <action id="-16" name="Set opacity" sid="2281658714411419" type="buttons">
                    <param id="0" name="Opacity">60</param>
                </action>
            </actions>
        </event-block>
        <event-block sid="7670339849134269">
            <conditions>
                <condition id="4" inverted="1" name="Is touching object" sid="9149586251642987" type="Touch">
                    <param id="0" name="Object">buttons</param>
                </condition>
            </conditions>
            <actions>
                <action id="-16" name="Set opacity" sid="6854065060655761" type="buttons">
                    <param id="0" name="Opacity">100</param>
                </action>
            </actions>
        </event-block>
        <event-block sid="5417476085653905">
            <conditions>
                <condition id="4" name="Is touching object" sid="5466432141261301" type="Touch">
                    <param id="0" name="Object">back</param>
                </condition>
            </conditions>
            <actions />
            <sub-events>
                <event-block sid="9329451743629524">
                    <conditions>
                        <condition id="1" name="On any touch end" sid="4910056095827957" type="Touch" />
                    </conditions>
                    <actions>
                        <action id="-2" name="Go to layout" sid="4600994008335875" type="System">
                            <param id="0" name="Layout">main_menu</param>
                        </action>
                    </actions>
                </event-block>
            </sub-events>
        </event-block>
    </events>
</c2eventsheet>
