﻿<?xml version="1.0" encoding="utf-8" ?>
<c2eventsheet>
    <!--All the 'name' attributes are ignored by Construct 2 - they are there for readability only.-->
    <name>player</name>
    <events>
        <event-block sid="2323127835729301">
            <conditions>
                <condition id="-2" name="On start of layout" sid="6866899144708703" type="System" />
            </conditions>
            <actions>
                <action id="-15" name="Set visible" sid="9821279142155365" type="Player_base">
                    <param id="0" name="Visibility">0</param>
                </action>
                <action id="-15" name="Set visible" sid="9745818920362281" type="left_sensor">
                    <param id="0" name="Visibility">0</param>
                </action>
                <action id="-15" name="Set visible" sid="144182039957843" type="right_sensor">
                    <param id="0" name="Visibility">0</param>
                </action>
                <action id="-13" name="Set time scale" sid="2643034927752048" type="System">
                    <param id="0" name="Time scale">1.0</param>
                </action>
                <action id="-15" name="Set visible" sid="4751124084250543" type="pause_button">
                    <param id="0" name="Visibility">1</param>
                </action>
                <action id="-15" name="Set visible" sid="9510667029030203" type="continue">
                    <param id="0" name="Visibility">0</param>
                </action>
                <action id="-15" name="Set visible" sid="1580573701345259" type="restart">
                    <param id="0" name="Visibility">0</param>
                </action>
                <action id="-15" name="Set visible" sid="9846579432439345" type="menu">
                    <param id="0" name="Visibility">0</param>
                </action>
                <action id="-15" name="Set visible" sid="4777803485643596" type="finish">
                    <param id="0" name="Visibility">0</param>
                </action>
                <action id="-10" name="Set value" sid="2408565662583921" type="Player_base">
                    <param id="0" name="Instance variable">is_alive</param>
                    <param id="1" name="Value">1</param>
                </action>
                <action id="-3" name="Create object" sid="5738894054471205" type="System">
                    <param id="0" name="Object to create">camera_tracker</param>
                    <param id="1" name="Layer">&quot;character_layer&quot;</param>
                    <param id="2" name="X">Player_base.X</param>
                    <param id="3" name="Y">Player_base.Y</param>
                </action>
                <action id="-15" name="Set visible" sid="1002970109989243" type="camera_tracker">
                    <param id="0" name="Visibility">0</param>
                </action>
            </actions>
        </event-block>
        <event-block sid="497478227389321">
            <conditions>
                <condition id="-1" name="Every tick" sid="765561065606832" type="System" />
            </conditions>
            <actions>
                <action id="-4" name="Set position to another object" sid="9126086027337772" type="left_sensor">
                    <param id="0" name="Object">Player_base</param>
                    <param id="1" name="Image point (optional)">&quot;ls&quot;</param>
                </action>
                <action id="-4" name="Set position to another object" sid="3594123310726426" type="right_sensor">
                    <param id="0" name="Object">Player_base</param>
                    <param id="1" name="Image point (optional)">&quot;rs&quot;</param>
                </action>
                <action id="-5" name="Scroll to X" sid="9767492084234736" type="System">
                    <param id="0" name="X">camera_tracker.X</param>
                </action>
                <action id="-4" name="Set position to another object" sid="111807457761429" type="player_animation">
                    <param id="0" name="Object">Player_base</param>
                    <param id="1" name="Image point (optional)">0</param>
                </action>
                <action id="-4" name="Set position to another object" sid="4720434795209497" type="dust">
                    <param id="0" name="Object">Player_base</param>
                    <param id="1" name="Image point (optional)">&quot;dust1&quot;</param>
                </action>
            </actions>
        </event-block>
        <event-block sid="6445863455261387">
            <conditions>
                <condition id="-7" name="Compare instance variable" sid="5674514138996572" type="Player_base">
                    <param id="0" name="Instance variable">is_alive</param>
                    <param id="1" name="Comparison">0</param>
                    <param id="2" name="Value">1</param>
                </condition>
            </conditions>
            <actions />
            <sub-events>
                <event-block sid="7882858992479356">
                    <conditions>
                        <condition id="-7" name="Compare instance variable" sid="5835083141258994" type="Player_base">
                            <param id="0" name="Instance variable">movement</param>
                            <param id="1" name="Comparison">1</param>
                            <param id="2" name="Value">0</param>
                        </condition>
                    </conditions>
                    <actions>
                        <action id="4" name="Set animation" sid="9805446727944604" type="player_animation">
                            <param id="0" name="Animation">&quot;run&quot;</param>
                            <param id="1" name="From">1</param>
                        </action>
                    </actions>
                    <sub-events>
                        <event-block sid="5996927183408393">
                            <conditions>
                                <condition id="2" name="Is in touch" sid="2109301197364108" type="Touch" />
                            </conditions>
                            <actions>
                                <action behavior="Platform" id="7" name="Simulate control" sid="5556101133875782" type="Player_base">
                                    <param id="0" name="Control">2</param>
                                </action>
                                <action id="-15" name="Set visible" sid="7345860445290076" type="dust">
                                    <param id="0" name="Visibility">1</param>
                                </action>
                            </actions>
                        </event-block>
                    </sub-events>
                </event-block>
                <event-block sid="1571736341565603">
                    <conditions>
                        <condition id="-7" name="Compare instance variable" sid="2438736308559128" type="Player_base">
                            <param id="0" name="Instance variable">movement</param>
                            <param id="1" name="Comparison">0</param>
                            <param id="2" name="Value">0</param>
                        </condition>
                    </conditions>
                    <actions>
                        <action id="4" name="Set animation" sid="4614923310800375" type="player_animation">
                            <param id="0" name="Animation">&quot;Default&quot;</param>
                            <param id="1" name="From">1</param>
                        </action>
                        <action id="-15" name="Set visible" sid="3707019674046114" type="dust">
                            <param id="0" name="Visibility">0</param>
                        </action>
                    </actions>
                    <sub-events>
                        <event-block sid="5074285708288986">
                            <conditions>
                                <condition id="2" name="Is in touch" sid="8510574981111999" type="Touch" />
                            </conditions>
                            <actions>
                                <action id="-10" name="Set value" sid="2553168920242648" type="Player_base">
                                    <param id="0" name="Instance variable">movement</param>
                                    <param id="1" name="Value">1</param>
                                </action>
                            </actions>
                        </event-block>
                    </sub-events>
                </event-block>
                <event-block sid="4336524981474053">
                    <conditions>
                        <condition id="-7" name="Compare instance variable" sid="5894898680957864" type="Player_base">
                            <param id="0" name="Instance variable">movement</param>
                            <param id="1" name="Comparison">0</param>
                            <param id="2" name="Value">1</param>
                        </condition>
                    </conditions>
                    <actions>
                        <action behavior="Platform" id="7" name="Simulate control" sid="3527172004409862" type="Player_base">
                            <param id="0" name="Control">1</param>
                        </action>
                        <action id="7" name="Set mirrored" sid="8140794990113989" type="player_animation">
                            <param id="0" name="State">1</param>
                        </action>
                    </actions>
                </event-block>
                <event-block sid="47652332152281">
                    <conditions>
                        <condition id="-7" name="Compare instance variable" sid="138424511537811" type="Player_base">
                            <param id="0" name="Instance variable">movement</param>
                            <param id="1" name="Comparison">0</param>
                            <param id="2" name="Value">2</param>
                        </condition>
                    </conditions>
                    <actions>
                        <action behavior="Platform" id="7" name="Simulate control" sid="4594254948456835" type="Player_base">
                            <param id="0" name="Control">0</param>
                        </action>
                        <action id="7" name="Set mirrored" sid="6216586325386306" type="player_animation">
                            <param id="0" name="State">0</param>
                        </action>
                    </actions>
                </event-block>
                <event-block sid="7935734298128091">
                    <conditions>
                        <condition id="-7" name="Compare instance variable" sid="8658318725427455" type="Player_base">
                            <param id="0" name="Instance variable">skills</param>
                            <param id="1" name="Comparison">4</param>
                            <param id="2" name="Value">0</param>
                        </condition>
                    </conditions>
                    <actions />
                    <sub-events>
                        <event-block sid="4924858951938716">
                            <conditions>
                                <condition id="-7" name="Compare instance variable" sid="979729154986941" type="Player_base">
                                    <param id="0" name="Instance variable">allow_jump</param>
                                    <param id="1" name="Comparison">0</param>
                                    <param id="2" name="Value">1</param>
                                </condition>
                            </conditions>
                            <actions />
                            <sub-events>
                                <event-block sid="5413446642615419">
                                    <conditions>
                                        <condition id="1" name="Is overlapping another object" sid="5356659546322672" type="right_sensor">
                                            <param id="0" name="Object">ground</param>
                                        </condition>
                                    </conditions>
                                    <actions />
                                    <sub-events>
                                        <event-block sid="1221352432008398">
                                            <conditions>
                                                <condition id="2" name="Is in touch" sid="1865634926763243" type="Touch" />
                                            </conditions>
                                            <actions>
                                                <action behavior="Platform" id="7" name="Simulate control" sid="2275216100020097" type="Player_base">
                                                    <param id="0" name="Control">2</param>
                                                </action>
                                                <action id="-10" name="Set value" sid="5290222489954244" type="Player_base">
                                                    <param id="0" name="Instance variable">movement</param>
                                                    <param id="1" name="Value">2</param>
                                                </action>
                                                <action behavior="Platform" id="9" name="Set vector Y" sid="5110696044239838" type="Player_base">
                                                    <param id="0" name="Vector Y">-650</param>
                                                </action>
                                                <action id="-16" name="Wait" sid="2259574074252102" type="System">
                                                    <param id="0" name="Seconds">0.3</param>
                                                </action>
                                                <action id="-10" name="Set value" sid="3468509167305803" type="Player_base">
                                                    <param id="0" name="Instance variable">allow_jump</param>
                                                    <param id="1" name="Value">1</param>
                                                </action>
                                            </actions>
                                        </event-block>
                                    </sub-events>
                                </event-block>
                            </sub-events>
                        </event-block>
                        <event-block sid="8198192214572405">
                            <conditions>
                                <condition id="-7" name="Compare instance variable" sid="6635894475598268" type="Player_base">
                                    <param id="0" name="Instance variable">allow_jump</param>
                                    <param id="1" name="Comparison">0</param>
                                    <param id="2" name="Value">1</param>
                                </condition>
                            </conditions>
                            <actions />
                            <sub-events>
                                <event-block sid="8273300065766789">
                                    <conditions>
                                        <condition id="1" name="Is overlapping another object" sid="2395651225787933" type="left_sensor">
                                            <param id="0" name="Object">ground</param>
                                        </condition>
                                    </conditions>
                                    <actions />
                                    <sub-events>
                                        <event-block sid="5809273447377265">
                                            <conditions>
                                                <condition id="2" name="Is in touch" sid="7997750079498256" type="Touch" />
                                            </conditions>
                                            <actions>
                                                <action behavior="Platform" id="7" name="Simulate control" sid="8541551667404122" type="Player_base">
                                                    <param id="0" name="Control">2</param>
                                                </action>
                                                <action id="-10" name="Set value" sid="4714733933938311" type="Player_base">
                                                    <param id="0" name="Instance variable">movement</param>
                                                    <param id="1" name="Value">1</param>
                                                </action>
                                                <action behavior="Platform" id="9" name="Set vector Y" sid="1103384342802139" type="Player_base">
                                                    <param id="0" name="Vector Y">-650</param>
                                                </action>
                                                <action id="-16" name="Wait" sid="3970271416141917" type="System">
                                                    <param id="0" name="Seconds">0.3</param>
                                                </action>
                                                <action id="-10" name="Set value" sid="123201693525437" type="Player_base">
                                                    <param id="0" name="Instance variable">allow_jump</param>
                                                    <param id="1" name="Value">1</param>
                                                </action>
                                            </actions>
                                        </event-block>
                                    </sub-events>
                                </event-block>
                            </sub-events>
                        </event-block>
                    </sub-events>
                </event-block>
                <event-block sid="3898186833979634">
                    <conditions>
                        <condition behavior="Platform" id="2" name="Is on floor" sid="575343704300389" type="Player_base" />
                    </conditions>
                    <actions>
                        <action id="-10" name="Set value" sid="7973112589676223" type="Player_base">
                            <param id="0" name="Instance variable">allow_jump</param>
                            <param id="1" name="Value">0</param>
                        </action>
                    </actions>
                </event-block>
                <event-block sid="3894855994070341">
                    <conditions>
                        <condition behavior="Platform" id="2" inverted="1" name="Is on floor" sid="7026412421180779" type="Player_base" />
                    </conditions>
                    <actions>
                        <action id="-16" name="Wait" sid="1900970083206551" type="System">
                            <param id="0" name="Seconds">0.15</param>
                        </action>
                        <action id="-10" name="Set value" sid="8228911671548089" type="Player_base">
                            <param id="0" name="Instance variable">allow_jump</param>
                            <param id="1" name="Value">1</param>
                        </action>
                    </actions>
                </event-block>
                <event-block sid="6885547939372601">
                    <conditions>
                        <condition behavior="Platform" id="4" name="Is falling" sid="9301705898860721" type="Player_base" />
                    </conditions>
                    <actions>
                        <action id="4" name="Set animation" sid="6817861434495604" type="player_animation">
                            <param id="0" name="Animation">&quot;fall&quot;</param>
                            <param id="1" name="From">1</param>
                        </action>
                    </actions>
                </event-block>
                <event-block sid="5141705581523596">
                    <conditions>
                        <condition behavior="Platform" id="3" name="Is jumping" sid="8597046767515286" type="Player_base" />
                    </conditions>
                    <actions>
                        <action id="4" name="Set animation" sid="758710964999626" type="player_animation">
                            <param id="0" name="Animation">&quot;jump&quot;</param>
                            <param id="1" name="From">1</param>
                        </action>
                    </actions>
                </event-block>
            </sub-events>
        </event-block>
        <event-group description="" sid="4104183113940456" title="временно">
            <sub-events>
                <event-block sid="643705343652582">
                    <conditions>
                        <condition id="0" name="On collision with another object" sid="7706451433546803" type="Player_base">
                            <param id="0" name="Object">Enemy</param>
                        </condition>
                    </conditions>
                    <actions />
                    <sub-events>
                        <event-block sid="7857570703861905">
                            <conditions>
                                <condition id="-4" name="Trigger once while true" sid="2474426743730222" type="System" />
                            </conditions>
                            <actions>
                                <action id="-10" name="Set value" sid="6675200789580658" type="Player_base">
                                    <param id="0" name="Instance variable">is_alive</param>
                                    <param id="1" name="Value">0</param>
                                </action>
                            </actions>
                        </event-block>
                    </sub-events>
                </event-block>
            </sub-events>
        </event-group>
        <event-block sid="1792425031920676">
            <conditions>
                <condition id="-7" name="Compare instance variable" sid="9026649010918233" type="Player_base">
                    <param id="0" name="Instance variable">is_alive</param>
                    <param id="1" name="Comparison">0</param>
                    <param id="2" name="Value">0</param>
                </condition>
            </conditions>
            <actions />
            <sub-events>
                <event-block sid="5437683739606461">
                    <conditions>
                        <condition id="-4" name="Trigger once while true" sid="5123679633592814" type="System" />
                    </conditions>
                    <actions>
                        <action behavior="Platform" id="11" name="Set enabled" sid="5084239824936888" type="Player_base">
                            <param id="0" name="State">0</param>
                        </action>
                        <action id="4" name="Set animation" sid="336328115049783" type="player_animation">
                            <param id="0" name="Animation">&quot;exp&quot;</param>
                            <param id="1" name="From">1</param>
                        </action>
                        <action id="-16" name="Wait" sid="144625391721038" type="System">
                            <param id="0" name="Seconds">1.0</param>
                        </action>
                        <action id="-26" name="Restart layout" sid="6392286283903339" type="System" />
                    </actions>
                </event-block>
            </sub-events>
        </event-block>
        <event-group description="" sid="8346503741766072" title="Pause">
            <sub-events>
                <event-block sid="4776767030979983">
                    <conditions>
                        <condition id="4" name="Is touching object" sid="9380401653175391" type="Touch">
                            <param id="0" name="Object">pause_button</param>
                        </condition>
                    </conditions>
                    <actions>
                        <action id="5" name="Set frame" sid="6997191827963859" type="pause_button">
                            <param id="0" name="Frame number">1</param>
                        </action>
                    </actions>
                </event-block>
                <event-block sid="7342461667791872">
                    <conditions>
                        <condition id="4" inverted="1" name="Is touching object" sid="4994101780985509" type="Touch">
                            <param id="0" name="Object">pause_button</param>
                        </condition>
                    </conditions>
                    <actions>
                        <action id="5" name="Set frame" sid="7189831384217184" type="pause_button">
                            <param id="0" name="Frame number">0</param>
                        </action>
                    </actions>
                </event-block>
                <event-block sid="7382921952442147">
                    <conditions>
                        <condition id="-9" name="Is visible" sid="1667003247546756" type="pause_button" />
                    </conditions>
                    <actions />
                    <sub-events>
                        <event-block sid="7250101782683033">
                            <conditions>
                                <condition id="3" name="On touched object" sid="1364375773423969" type="Touch">
                                    <param id="0" name="Object">pause_button</param>
                                </condition>
                            </conditions>
                            <actions>
                                <action id="-16" name="Wait" sid="6352721347271643" type="System">
                                    <param id="0" name="Seconds">0.3</param>
                                </action>
                                <action id="-13" name="Set time scale" sid="1520005913711837" type="System">
                                    <param id="0" name="Time scale">0.0</param>
                                </action>
                                <action id="-15" name="Set visible" sid="4930040911367651" type="pause_button">
                                    <param id="0" name="Visibility">0</param>
                                </action>
                                <action id="-15" name="Set visible" sid="327627855511317" type="continue">
                                    <param id="0" name="Visibility">1</param>
                                </action>
                                <action id="-15" name="Set visible" sid="4392356115211173" type="menu">
                                    <param id="0" name="Visibility">1</param>
                                </action>
                                <action id="-15" name="Set visible" sid="9395660567267243" type="restart">
                                    <param id="0" name="Visibility">1</param>
                                </action>
                            </actions>
                        </event-block>
                    </sub-events>
                </event-block>
            </sub-events>
        </event-group>
        <event-block sid="5824657921868152">
            <conditions>
                <condition id="-9" name="Is visible" sid="2003891524615905" type="continue" />
            </conditions>
            <actions />
            <sub-events>
                <event-block sid="6613252901339042">
                    <conditions>
                        <condition id="4" name="Is touching object" sid="2071710296634387" type="Touch">
                            <param id="0" name="Object">continue</param>
                        </condition>
                    </conditions>
                    <actions />
                    <sub-events>
                        <event-block sid="9420870485488929">
                            <conditions>
                                <condition id="1" name="On any touch end" sid="6447050677487655" type="Touch" />
                            </conditions>
                            <actions>
                                <action id="-13" name="Set time scale" sid="4989297891743399" type="System">
                                    <param id="0" name="Time scale">1.0</param>
                                </action>
                                <action id="-15" name="Set visible" sid="3206737931035395" type="pause_button">
                                    <param id="0" name="Visibility">1</param>
                                </action>
                                <action id="-15" name="Set visible" sid="7763658663127228" type="continue">
                                    <param id="0" name="Visibility">0</param>
                                </action>
                                <action id="-15" name="Set visible" sid="9272405104342444" type="menu">
                                    <param id="0" name="Visibility">0</param>
                                </action>
                                <action id="-15" name="Set visible" sid="9305510820584678" type="restart">
                                    <param id="0" name="Visibility">0</param>
                                </action>
                            </actions>
                        </event-block>
                    </sub-events>
                </event-block>
            </sub-events>
        </event-block>
        <event-block sid="6944286905953994">
            <conditions>
                <condition id="-9" name="Is visible" sid="9930887770051409" type="restart" />
            </conditions>
            <actions />
            <sub-events>
                <event-block sid="4517394998764017">
                    <conditions>
                        <condition id="4" name="Is touching object" sid="5277434812943402" type="Touch">
                            <param id="0" name="Object">restart</param>
                        </condition>
                    </conditions>
                    <actions />
                    <sub-events>
                        <event-block sid="1616179576829139">
                            <conditions>
                                <condition id="1" name="On any touch end" sid="5564092922098876" type="Touch" />
                            </conditions>
                            <actions>
                                <action id="-13" name="Set time scale" sid="8118904629666297" type="System">
                                    <param id="0" name="Time scale">1.0</param>
                                </action>
                                <action id="-15" name="Set visible" sid="3390309662429171" type="pause_button">
                                    <param id="0" name="Visibility">1</param>
                                </action>
                                <action id="-15" name="Set visible" sid="878073095627495" type="continue">
                                    <param id="0" name="Visibility">0</param>
                                </action>
                                <action id="-15" name="Set visible" sid="8338776002734857" type="menu">
                                    <param id="0" name="Visibility">0</param>
                                </action>
                                <action id="-15" name="Set visible" sid="6527277439892" type="restart">
                                    <param id="0" name="Visibility">0</param>
                                </action>
                                <action id="-26" name="Restart layout" sid="1729124820672352" type="System" />
                            </actions>
                        </event-block>
                    </sub-events>
                </event-block>
            </sub-events>
        </event-block>
        <event-block sid="7055427615328052">
            <conditions>
                <condition id="-9" name="Is visible" sid="1792622039139323" type="menu" />
            </conditions>
            <actions />
            <sub-events>
                <event-block sid="2771420515802842">
                    <conditions>
                        <condition id="4" name="Is touching object" sid="3954173961525635" type="Touch">
                            <param id="0" name="Object">menu</param>
                        </condition>
                    </conditions>
                    <actions />
                    <sub-events>
                        <event-block sid="6887806633263015">
                            <conditions>
                                <condition id="1" name="On any touch end" sid="3792511280763877" type="Touch" />
                            </conditions>
                            <actions>
                                <action id="-13" name="Set time scale" sid="8168452350506142" type="System">
                                    <param id="0" name="Time scale">1.0</param>
                                </action>
                                <action id="-15" name="Set visible" sid="6106186334037213" type="pause_button">
                                    <param id="0" name="Visibility">1</param>
                                </action>
                                <action id="-15" name="Set visible" sid="3372821887196587" type="continue">
                                    <param id="0" name="Visibility">0</param>
                                </action>
                                <action id="-15" name="Set visible" sid="7160665163750678" type="menu">
                                    <param id="0" name="Visibility">0</param>
                                </action>
                                <action id="-15" name="Set visible" sid="3996039481484979" type="restart">
                                    <param id="0" name="Visibility">0</param>
                                </action>
                                <action id="-2" name="Go to layout" sid="2069703416340787" type="System">
                                    <param id="0" name="Layout">menu</param>
                                </action>
                            </actions>
                        </event-block>
                    </sub-events>
                </event-block>
            </sub-events>
        </event-block>
        <event-block sid="7171994397111047">
            <conditions>
                <condition id="0" name="On collision with another object" sid="5104555245127717" type="Player_base">
                    <param id="0" name="Object">teleport</param>
                </condition>
            </conditions>
            <actions />
            <sub-events>
                <event-block sid="4642423193075587">
                    <conditions>
                        <condition id="-7" name="Compare instance variable" sid="4933131761273792" type="teleport">
                            <param id="0" name="Instance variable">active</param>
                            <param id="1" name="Comparison">0</param>
                            <param id="2" name="Value">0</param>
                        </condition>
                    </conditions>
                    <actions />
                    <sub-events>
                        <event-block sid="7776234626670598">
                            <conditions>
                                <condition id="-4" name="Trigger once while true" sid="4769838750161537" type="System" />
                            </conditions>
                            <actions>
                                <action id="-1" name="Set X" sid="1579362206749823" type="Player_base">
                                    <param id="0" name="X">teleport_out.X</param>
                                </action>
                                <action id="-2" name="Set Y" sid="1038709107207097" type="Player_base">
                                    <param id="0" name="Y">teleport_out.Y</param>
                                </action>
                                <action id="-10" name="Set value" sid="7382780750861678" type="teleport_out">
                                    <param id="0" name="Instance variable">active</param>
                                    <param id="1" name="Value">1</param>
                                </action>
                                <action id="-16" name="Wait" sid="1961842256985306" type="System">
                                    <param id="0" name="Seconds">0.5</param>
                                </action>
                                <action id="-10" name="Set value" sid="9178141707429011" type="teleport_out">
                                    <param id="0" name="Instance variable">active</param>
                                    <param id="1" name="Value">0</param>
                                </action>
                            </actions>
                        </event-block>
                    </sub-events>
                </event-block>
            </sub-events>
        </event-block>
        <event-block sid="9158263889258897">
            <conditions>
                <condition id="0" name="On collision with another object" sid="1879378596321179" type="Player_base">
                    <param id="0" name="Object">teleport_out</param>
                </condition>
            </conditions>
            <actions />
            <sub-events>
                <event-block sid="433865671721824">
                    <conditions>
                        <condition id="-7" name="Compare instance variable" sid="9448090949096295" type="teleport_out">
                            <param id="0" name="Instance variable">active</param>
                            <param id="1" name="Comparison">0</param>
                            <param id="2" name="Value">0</param>
                        </condition>
                    </conditions>
                    <actions />
                    <sub-events>
                        <event-block sid="6693801635912013">
                            <conditions>
                                <condition id="-4" name="Trigger once while true" sid="7364800731496061" type="System" />
                            </conditions>
                            <actions>
                                <action id="-1" name="Set X" sid="269982522366737" type="Player_base">
                                    <param id="0" name="X">teleport.X</param>
                                </action>
                                <action id="-2" name="Set Y" sid="8474463555181146" type="Player_base">
                                    <param id="0" name="Y">teleport.Y</param>
                                </action>
                                <action id="-10" name="Set value" sid="4130254895574571" type="teleport">
                                    <param id="0" name="Instance variable">active</param>
                                    <param id="1" name="Value">1</param>
                                </action>
                                <action id="-16" name="Wait" sid="5979766571442434" type="System">
                                    <param id="0" name="Seconds">0.5</param>
                                </action>
                                <action id="-10" name="Set value" sid="6933757617143167" type="teleport">
                                    <param id="0" name="Instance variable">active</param>
                                    <param id="1" name="Value">0</param>
                                </action>
                            </actions>
                        </event-block>
                    </sub-events>
                </event-block>
            </sub-events>
        </event-block>
        <event-block sid="1513933327227663">
            <conditions>
                <condition id="-8" name="Compare two values" sid="5320667485704633" type="System">
                    <param id="0" name="First value">distance(camera_tracker.X, camera_tracker.Y, Player_base.X, Player_base.Y)</param>
                    <param id="1" name="Comparison">4</param>
                    <param id="2" name="Second value">400 * dt</param>
                </condition>
            </conditions>
            <actions>
                <action id="-23" name="Move at angle" sid="8795504826250071" type="camera_tracker">
                    <param id="0" name="Angle">angle(camera_tracker.X, camera_tracker.Y, Player_base.X, Player_base.Y)</param>
                    <param id="1" name="Distance">400 * dt</param>
                </action>
            </actions>
        </event-block>
        <event-block sid="7420202105943574">
            <conditions>
                <condition id="4" name="Is touching object" sid="858370604724379" type="Touch">
                    <param id="0" name="Object">buttons</param>
                </condition>
            </conditions>
            <actions>
                <action id="-16" name="Set opacity" sid="3944624282434784" type="buttons">
                    <param id="0" name="Opacity">60</param>
                </action>
            </actions>
        </event-block>
        <event-block sid="5087444352208179">
            <conditions>
                <condition id="4" inverted="1" name="Is touching object" sid="3517955701439559" type="Touch">
                    <param id="0" name="Object">buttons</param>
                </condition>
            </conditions>
            <actions>
                <action id="-16" name="Set opacity" sid="7531525208022387" type="buttons">
                    <param id="0" name="Opacity">100</param>
                </action>
            </actions>
        </event-block>
    </events>
</c2eventsheet>
