﻿<?xml version="1.0" encoding="utf-8" ?>
<c2eventsheet>
    <!--All the 'name' attributes are ignored by Construct 2 - they are there for readability only.-->
    <name>splash</name>
    <events>
        <event-block sid="9671419412330958">
            <conditions>
                <condition id="-2" name="On start of layout" sid="2370158760369798" type="System" />
            </conditions>
            <actions>
                <action id="10" name="Request fullscreen" sid="8235547374767153" type="Browser">
                    <param id="0" name="Mode">0</param>
                </action>
                <action id="-16" name="Wait" sid="9631379286281662" type="System">
                    <param id="0" name="Seconds">2</param>
                </action>
                <action id="-25" name="Go to layout (by name)" sid="1959961655713392" type="System">
                    <param id="0" name="Layout">&quot;main_menu&quot;</param>
                </action>
            </actions>
        </event-block>
    </events>
</c2eventsheet>
