﻿<?xml version="1.0" encoding="utf-8" ?>
<c2eventsheet>
    <!--All the 'name' attributes are ignored by Construct 2 - they are there for readability only.-->
    <name>tutorial</name>
    <events>
        <variable constant="0" name="levels" sid="4355984569243924" static="0" type="number">1</variable>
        <include>player</include>
        <include>xdc_config</include>
        <event-block sid="4914716951091759">
            <conditions>
                <condition id="-2" name="On start of layout" sid="5257125696118759" type="System" />
            </conditions>
            <actions>
                <action id="-10" name="Set value" sid="518656429555518" type="Player_base">
                    <param id="0" name="Instance variable">skills</param>
                    <param id="1" name="Value">0</param>
                </action>
            </actions>
        </event-block>
        <event-block sid="1710580858348697">
            <conditions>
                <condition id="0" name="On collision with another object" sid="3751628676891222" type="Player_base">
                    <param id="0" name="Object">finish</param>
                </condition>
            </conditions>
            <actions />
            <sub-events>
                <event-block sid="9354410778825417">
                    <conditions>
                        <condition id="-14" name="Compare variable" sid="2239282624216126" type="System">
                            <param id="0" name="Variable">levels</param>
                            <param id="1" name="Comparison">0</param>
                            <param id="2" name="Value">1</param>
                        </condition>
                    </conditions>
                    <actions>
                        <action id="-9" name="Set value" sid="581968513508478" type="System">
                            <param id="0" name="Variable">levels</param>
                            <param id="1" name="Value">2</param>
                        </action>
                        <action id="0" name="Set item" sid="7232885375018583" type="LocalStorage">
                            <param id="0" name="Key">&quot;level&quot;</param>
                            <param id="1" name="Value">levels</param>
                        </action>
                        <action id="-2" name="Go to layout" sid="4734227640494706" type="System">
                            <param id="0" name="Layout">menu</param>
                        </action>
                    </actions>
                </event-block>
                <event-block sid="3950510780843994">
                    <conditions>
                        <condition id="-22" name="Else" sid="109860688952406" type="System" />
                    </conditions>
                    <actions>
                        <action id="-2" name="Go to layout" sid="3216080604509726" type="System">
                            <param id="0" name="Layout">menu</param>
                        </action>
                    </actions>
                </event-block>
            </sub-events>
        </event-block>
    </events>
</c2eventsheet>
