﻿<?xml version="1.0" encoding="utf-8" ?>
<c2eventsheet>
    <!--All the 'name' attributes are ignored by Construct 2 - they are there for readability only.-->
    <name>xdc_config</name>
    <events>
        <comment>Force portrait orientation only by preventing rotation and then setting portrait orientation.  Change this to &apos;Landscape&apos; if you prefer or delete the event to allow any orientation.</comment>
        <event-block sid="8">
            <conditions>
                <condition id="-2" name="On start of layout" sid="9" type="System" />
            </conditions>
            <actions>
                <action id="7" name="Set auto-rotate" sid="10" type="IntelXDK">
                    <param id="0" name="Mode">0</param>
                </action>
                <action id="8" name="Set orientation" sid="11" type="IntelXDK">
                    <param id="0" name="Orientation">1</param>
                </action>
                <action id="-10" name="Set value" sid="8836759550480113" type="Player_base">
                    <param id="0" name="Instance variable">movement</param>
                    <param id="1" name="Value">0</param>
                </action>
            </actions>
        </event-block>
    </events>
</c2eventsheet>
